ID,1,2,3,4,5,Average,Standard Deviation
1,486,144,141,138,141,210.00,138.01
2,143,138,143,143,148,143.00,3.16
3,157,143,141,141,146,145.60,5.98
4,145,141,142,145,140,142.60,2.05
5,144,144,143,139,140,142.00,2.09
6,144,140,143,148,232,161.40,35.39
7,148,153,147,142,144,146.80,3.76
8,145,143,142,144,145,143.80,1.16
9,142,143,153,144,144,145.20,3.96
10,146,149,146,149,159,149.80,4.79
11,147,144,148,156,141,147.20,5.03
12,148,147,142,142,147,145.20,2.63
13,144,142,148,157,147,147.60,5.16
14,148,144,144,151,145,146.40,2.72
15,145,141,147,144,144,144.20,1.93
16,222,145,142,148,147,160.80,30.66
17,145,146,148,148,142,145.80,2.22
18,149,151,142,143,147,146.40,3.44
19,144,146,148,149,146,146.60,1.74
20,163,153,146,148,149,151.80,6.04
21,147,144,151,146,144,146.40,2.57
22,147,146,149,147,150,147.80,1.46
23,146,144,151,149,148,147.60,2.41
24,152,148,147,149,149,149.00,1.67
25,146,146,149,146,150,147.40,1.74
26,175,148,148,152,155,155.60,10.05
27,148,152,150,145,143,147.60,3.26
28,151,146,148,151,149,149.00,1.89
29,149,149,153,149,147,149.40,1.95
30,152,148,146,150,232,165.60,33.26
31,154,154,148,149,149,150.80,2.63
32,152,146,149,150,152,149.80,2.22
33,147,156,151,148,150,150.40,3.13
34,151,152,157,153,150,152.60,2.41
35,155,149,154,152,154,152.80,2.13
36,151,150,239,147,213,180.00,38.47
37,157,163,157,155,152,156.80,3.60
38,152,155,151,149,151,151.60,1.95
39,153,159,168,150,149,155.80,7.02
40,156,153,152,154,153,153.60,1.35
41,152,157,152,156,156,154.60,2.15
42,171,152,155,152,147,155.40,8.21
43,157,160,154,159,158,157.60,2.05
44,154,152,155,154,150,153.00,1.78
45,156,155,151,156,158,155.20,2.31
46,154,152,158,153,150,153.40,2.65
47,160,154,152,158,255,175.80,39.70
48,157,157,151,158,156,155.80,2.48
49,154,156,157,152,156,155.00,1.78
50,157,185,152,157,151,160.40,12.54
51,155,158,157,153,156,155.80,1.72
52,165,154,158,154,153,156.80,4.44
53,190,156,158,162,157,164.60,12.86
54,168,162,155,152,158,159.00,5.58
55,159,155,157,159,157,157.40,1.49
56,170,157,190,159,157,166.60,12.65
57,157,159,154,155,159,156.80,2.03
58,159,154,161,157,153,156.80,2.99
59,165,158,159,163,161,161.20,2.56
60,159,161,160,157,158,159.00,1.41
61,164,158,162,160,158,160.40,2.33
62,161,164,159,161,157,160.40,2.33
63,154,160,160,155,160,157.80,2.71
64,241,159,165,160,158,176.60,32.28
65,165,159,157,163,160,160.80,2.85
66,160,166,159,156,160,160.20,3.24
67,168,160,165,167,160,164.00,3.40
68,162,163,157,165,159,161.20,2.85
69,159,161,164,159,165,161.60,2.49
70,242,161,163,159,157,176.40,32.86
71,168,164,160,169,165,165.20,3.18
72,160,167,161,160,165,162.60,2.87
73,165,164,169,165,163,165.20,2.03
74,177,161,157,172,164,166.20,7.30
75,159,166,163,160,166,162.80,2.92
76,179,161,167,180,164,170.20,7.83
77,167,164,158,169,214,174.40,20.14
78,199,165,214,162,167,181.40,21.09
79,169,166,171,167,163,167.20,2.71
80,255,163,166,169,163,183.20,35.96
81,164,170,162,202,172,174.00,14.47
82,163,162,168,162,161,163.20,2.48
83,174,168,166,171,175,170.80,3.42
84,162,193,166,161,167,169.80,11.82
85,165,169,252,170,163,183.80,34.19
86,168,171,168,170,165,168.40,2.05
87,163,170,167,172,220,178.40,21.01
88,166,167,168,164,165,166.00,1.41
89,175,169,169,184,172,173.80,5.56
90,170,169,168,166,172,169.00,2.00
91,166,164,168,168,163,165.80,2.03
92,171,168,165,170,166,168.00,2.28
93,165,244,172,167,170,183.60,30.29
94,170,167,174,169,166,169.20,2.78
95,172,167,170,172,167,169.60,2.24
96,169,172,168,168,173,170.00,2.09
97,177,174,185,172,223,186.20,18.92
98,171,165,180,170,169,171.00,4.93
99,167,179,170,167,172,171.00,4.42
100,169,168,175,168,168,169.60,2.72
101,180,173,173,182,179,177.40,3.72
102,167,174,171,169,173,170.80,2.56
103,181,179,180,174,180,178.80,2.48
104,172,169,175,173,175,172.80,2.22
105,175,171,172,175,173,173.20,1.60
106,169,177,171,168,178,172.60,4.12
107,175,177,265,177,180,194.80,35.13
108,176,169,179,177,171,174.40,3.77
109,184,181,176,182,198,184.20,7.38
110,175,175,173,172,177,174.40,1.74
111,173,172,178,172,173,173.60,2.24
112,265,233,178,173,172,204.20,38.00
113,188,181,177,184,181,182.20,3.65
114,173,183,174,171,178,175.80,4.26
115,175,175,178,176,172,175.20,1.93
116,184,178,178,195,177,182.40,6.77
117,177,178,182,229,328,218.80,57.95
118,179,179,178,177,182,179.00,1.67
119,181,178,181,194,180,182.80,5.70
120,181,180,182,286,182,202.20,41.90
121,177,184,185,178,180,180.80,3.18
122,182,178,185,178,180,180.60,2.65
123,265,181,184,183,179,198.40,33.34
124,181,181,177,188,180,181.40,3.61
125,200,184,181,181,277,204.60,36.88
126,188,185,183,198,185,187.80,5.34
127,189,199,194,189,204,195.00,5.83
128,186,183,200,182,181,186.40,7.00
129,184,181,181,181,174,180.20,3.31
130,174,175,183,176,177,177.00,3.16
131,2666,372,199,193,220,730.00,970.22
132,4275,380,188,189,182,1042.80,1617.84
133,204,204,1852,187,184,526.20,662.95
134,191,186,183,191,185,187.20,3.24
135,249,187,188,184,190,199.60,24.77
136,188,184,185,188,306,210.20,47.92
137,196,194,193,192,189,192.80,2.31
138,186,184,302,185,184,208.20,46.90
139,193,218,194,233,267,221.00,27.50
140,270,195,183,189,184,204.20,33.17
141,187,183,286,212,187,211.00,38.88
142,189,195,190,190,187,190.20,2.63
143,238,189,192,191,197,201.40,18.48
144,190,186,187,191,294,209.60,42.24
145,194,185,189,298,357,244.60,70.26
146,201,207,204,189,200,200.20,6.11
147,192,187,189,226,208,200.40,14.78
148,226,209,192,202,187,203.20,13.73
149,195,311,200,256,202,232.80,44.95
150,191,190,192,191,297,212.20,42.40
151,215,204,206,207,199,206.20,5.19
152,191,196,288,208,188,214.20,37.52
153,212,186,199,185,191,194.60,10.01
154,244,190,189,201,192,203.20,20.83
155,187,186,185,301,197,211.20,45.10
156,188,223,190,182,199,196.40,14.37
157,195,287,200,192,195,213.80,36.69
158,197,183,186,183,191,188.00,5.36
159,183,185,184,191,189,186.40,3.07
160,186,184,185,281,190,205.20,37.95
161,189,188,196,187,190,190.00,3.16
162,186,283,186,187,186,205.60,38.70
163,203,199,195,195,200,198.40,3.07
164,252,188,191,193,194,203.60,24.28
165,189,187,192,287,187,208.40,39.34
166,187,187,194,199,188,191.00,4.77
167,197,295,197,198,198,217.00,39.00
168,194,195,190,189,195,192.60,2.57
169,190,188,188,193,210,193.80,8.30
170,192,191,193,283,189,209.60,36.72
171,197,198,194,194,194,195.40,1.74
172,190,290,189,191,367,245.40,72.09
173,228,209,207,301,204,229.80,36.58
174,203,198,200,210,193,200.80,5.63
175,196,286,196,193,197,213.60,36.22
176,198,193,212,197,304,220.80,42.09
177,203,201,200,196,192,198.40,3.92
178,209,197,281,197,196,216.00,32.85
179,207,204,206,209,205,206.20,1.72
180,312,201,191,240,199,228.60,45.02
181,211,220,231,233,203,219.60,11.48
182,203,205,200,195,211,202.80,5.30
183,295,193,197,194,206,217.00,39.26
184,196,197,201,326,201,224.20,50.94
185,196,194,204,192,196,196.40,4.07
186,200,292,196,194,196,215.60,38.24
187,204,195,195,194,208,199.20,5.70
188,194,192,194,203,199,196.40,4.02
189,202,199,208,204,195,201.60,4.40
190,195,203,200,198,200,199.20,2.63
191,220,280,211,209,215,227.00,26.76
192,198,196,197,318,204,222.60,47.78
193,217,213,217,210,211,213.60,2.93
194,196,307,200,199,199,220.20,43.42
195,203,196,196,198,313,221.20,45.97
196,200,200,199,199,202,200.00,1.09
197,212,210,315,211,208,231.20,41.92
198,207,212,203,197,206,205.00,4.93
199,239,208,209,218,207,216.20,12.05
200,201,201,301,211,225,227.80,37.64
201,206,210,200,198,198,202.40,4.80
202,297,205,202,204,207,223.00,37.03
203,199,201,200,307,205,222.40,42.34
204,205,203,208,207,204,205.40,1.85
205,205,300,208,204,207,224.80,37.62
206,207,203,198,204,296,221.60,37.31
207,208,204,210,203,200,205.00,3.57
208,204,210,286,210,206,223.20,31.48
209,239,202,206,204,297,229.60,36.34
210,207,209,212,210,206,208.80,2.13
211,217,215,315,218,228,238.60,38.46
212,215,207,208,206,212,209.60,3.38
213,241,205,208,212,206,214.40,13.51
214,209,208,309,205,205,227.20,40.93
215,211,215,208,211,203,209.60,3.97
216,308,219,217,217,209,234.00,37.15
217,210,208,217,292,207,226.80,32.78
218,220,219,219,209,208,215.00,5.32
219,309,209,212,229,235,238.80,36.45
220,208,210,211,295,215,227.80,33.67
221,214,215,208,208,210,211.00,2.96
222,311,209,209,218,218,233.00,39.20
223,221,223,225,305,220,238.80,33.14
224,213,239,212,217,216,219.40,9.97
225,311,210,212,210,216,231.80,39.66
226,215,210,217,313,211,233.20,39.98
227,221,240,225,221,386,258.60,64.08
228,209,211,212,326,209,233.40,46.31
229,222,232,227,231,225,227.40,3.72
230,307,216,213,213,217,233.20,36.93
231,215,215,215,319,213,235.40,41.80
232,211,220,215,214,234,218.80,8.13
233,325,231,225,229,229,247.80,38.64
234,215,210,232,261,215,226.60,18.74
235,214,233,216,210,212,217.00,8.24
236,308,222,217,222,214,236.60,35.83
237,216,218,254,215,219,224.40,14.86
238,216,223,213,214,213,215.80,3.76
239,327,244,226,235,230,252.40,37.78
240,217,217,312,218,225,237.80,37.22
241,240,228,227,228,334,251.40,41.57
242,221,226,220,223,220,222.00,2.28
243,220,234,290,222,217,236.60,27.31
244,223,218,216,216,321,238.80,41.17
245,220,222,273,218,216,229.80,21.69
246,223,321,224,244,228,248.00,37.27
247,218,233,229,328,251,251.80,39.55
248,263,238,238,1902,232,574.60,663.78
249,234,243,235,382,291,277.00,56.55
250,340,234,360,230,229,278.60,58.66
251,246,247,246,252,245,247.20,2.48
252,233,234,244,230,251,238.40,7.86
253,233,229,306,229,234,246.20,29.96
254,271,243,261,229,236,248.00,15.67
255,231,240,225,234,228,231.60,5.16
256,231,232,233,233,315,248.80,33.10
257,254,261,249,250,245,251.80,5.41
258,233,227,244,230,228,232.40,6.15
259,231,228,233,229,265,237.20,14.00
260,232,233,230,226,235,231.20,3.05
261,231,233,268,236,230,239.60,14.34
262,232,237,234,233,235,234.20,1.72
263,247,336,255,250,245,266.60,34.86
264,321,241,239,230,237,253.60,33.90
265,234,233,236,237,234,234.80,1.46
266,238,231,238,238,231,235.20,3.42
267,235,246,234,232,241,237.60,5.16
268,254,239,238,243,237,242.20,6.24
269,248,258,249,250,254,251.80,3.70
270,239,317,234,237,232,251.80,32.68
271,249,250,256,257,249,252.20,3.54
272,242,235,235,234,238,236.80,2.92
273,245,235,238,325,234,255.40,35.01
274,244,246,278,239,236,248.60,15.12
275,245,238,253,238,242,243.20,5.56
276,244,239,239,313,238,254.60,29.27
277,261,254,258,252,256,256.20,3.12
278,237,235,239,233,245,237.80,4.11
279,238,247,237,240,324,257.20,33.58
280,239,245,238,239,242,240.60,2.57
281,254,261,266,262,259,260.40,3.92
282,241,243,239,247,250,244.00,4.00
283,341,255,260,258,257,274.20,33.43
284,258,238,243,241,254,246.80,7.78
285,251,241,246,241,244,244.60,3.72
286,299,247,244,241,243,254.80,22.18
287,240,243,241,245,241,242.00,1.78
288,243,244,247,271,309,262.80,25.28
289,248,243,243,245,244,244.60,1.85
290,248,245,247,245,240,245.00,2.75
291,249,246,324,242,249,262.00,31.10
292,244,242,246,244,247,244.60,1.74
293,257,267,259,265,258,261.20,4.01
294,246,330,249,251,246,264.40,32.85
295,252,255,248,243,270,253.60,9.13
296,252,247,250,346,244,267.80,39.19
297,246,242,327,247,251,262.60,32.32
298,252,253,248,353,246,270.40,41.37
299,246,253,251,248,245,248.60,3.00
300,249,254,318,251,250,264.40,26.85
301,254,247,253,250,248,250.40,2.72
302,252,249,260,266,330,271.40,29.90
303,248,256,253,252,253,252.40,2.57
304,250,246,254,247,259,251.20,4.79
305,253,253,333,250,250,267.80,32.62
306,249,265,265,254,250,256.60,7.05
307,272,267,267,281,367,290.80,38.44
308,253,250,248,280,252,256.60,11.82
309,259,252,250,251,251,252.60,3.26
310,254,273,259,325,248,271.80,27.85
311,268,273,268,279,270,271.60,4.12
312,252,252,259,255,329,269.40,29.91
313,281,272,270,275,273,274.20,3.76
314,256,257,259,252,257,256.20,2.31
315,254,255,329,254,258,270.00,29.53
316,254,256,253,258,252,254.60,2.15
317,274,275,270,276,271,273.20,2.31
318,338,259,264,251,261,274.60,31.99
319,255,260,254,260,259,257.60,2.57
320,254,262,252,327,251,269.20,29.15
321,262,256,251,277,256,260.40,9.00
322,261,257,258,258,258,258.40,1.35
323,260,255,343,261,262,276.20,33.48
324,257,269,256,256,265,260.60,5.38
325,260,261,348,275,255,279.80,34.74
326,340,260,258,255,263,275.20,32.50
327,259,267,277,259,261,264.60,6.85
328,257,275,259,347,267,281.00,33.60
329,264,262,261,259,264,262.00,1.89
330,261,264,260,263,263,262.20,1.46
331,372,289,289,289,284,304.60,33.75
332,277,261,261,278,263,268.00,7.79
333,265,270,267,272,266,268.00,2.60
334,279,259,275,263,345,284.20,31.28
335,270,277,262,266,261,267.20,5.84
336,268,266,273,267,286,272.00,7.40
337,281,284,356,287,290,299.60,28.35
338,265,264,262,288,262,268.20,9.96
339,273,261,269,264,343,282.00,30.77
340,266,267,269,274,265,268.20,3.18
341,270,452,263,286,269,308.00,72.40
342,345,263,274,261,280,284.60,31.00
343,263,264,270,267,269,266.60,2.72
344,266,276,266,354,268,286.00,34.19
345,271,268,275,275,272,272.20,2.63
346,273,267,269,259,273,268.20,5.15
347,288,362,296,290,294,306.00,28.14
348,271,274,267,264,270,269.20,3.42
349,287,306,288,369,294,308.80,30.85
350,273,269,291,270,270,274.60,8.30
351,271,275,271,277,275,273.80,2.40
352,347,273,271,268,270,285.80,30.64
353,304,294,288,300,294,296.00,5.51
354,274,280,346,273,279,290.40,27.93
355,273,278,281,277,273,276.40,3.07
356,281,272,275,273,352,290.60,30.85
357,277,300,296,276,274,284.60,11.05
358,302,272,277,273,278,280.40,11.03
359,298,414,325,298,295,326.00,45.32
360,273,281,295,282,270,280.20,8.70
361,285,275,280,280,364,296.80,33.74
362,281,281,278,277,271,277.60,3.66
363,296,275,281,276,285,282.60,7.60
364,286,375,271,279,272,296.60,39.57
365,285,279,280,281,278,280.60,2.41
366,277,280,275,278,354,292.80,30.64
367,305,298,303,301,303,302.00,2.36
368,292,278,278,363,282,298.60,32.60
369,279,291,283,281,279,282.60,4.45
370,279,281,282,283,283,281.60,1.49
371,357,279,283,286,290,299.00,29.22
372,282,278,276,279,284,279.80,2.85
373,312,307,388,309,300,323.20,32.63
374,286,279,277,284,281,281.40,3.26
375,282,281,287,280,365,299.00,33.08
376,286,287,283,307,282,289.00,9.18
377,289,283,287,292,300,290.20,5.70
378,282,294,289,286,284,287.00,4.19
379,311,306,308,310,309,308.80,1.72
380,288,289,317,370,291,311.00,31.40
381,284,291,291,283,288,287.40,3.38
382,283,288,284,293,286,286.80,3.54
383,393,311,329,313,310,331.20,31.66
384,292,289,285,287,284,287.40,2.87
385,294,288,369,287,288,305.20,31.99
386,285,295,287,288,312,293.40,9.89
387,291,290,304,290,378,310.60,34.11
388,292,291,288,293,290,290.80,1.72
389,355,318,314,313,312,322.40,16.42
390,292,288,292,293,303,293.60,5.00
391,296,290,291,288,288,290.60,2.93
392,294,290,292,366,296,307.60,29.26
393,290,300,290,296,294,294.00,3.79
394,290,295,292,296,291,292.80,2.31
395,359,296,292,291,295,306.60,26.26
396,295,298,293,297,298,296.20,1.93
397,319,342,309,326,319,323.00,10.93
398,307,299,300,305,292,300.60,5.23
399,302,314,308,379,302,321.00,29.33
400,401,351,290,299,293,326.80,43.26
401,322,324,321,360,313,328.00,16.43
402,307,291,302,298,300,299.60,5.23
403,299,295,298,300,303,299.00,2.60
404,373,303,301,301,302,316.00,28.50
405,303,298,299,299,303,300.40,2.15
406,303,304,381,304,302,318.80,31.10
407,311,310,305,300,306,306.40,3.92
408,303,302,323,399,305,326.40,37.10
409,346,328,323,333,328,331.60,7.86
410,303,302,384,328,306,324.60,31.18
411,301,304,297,302,306,302.00,3.03
412,298,301,301,324,389,322.60,34.49
413,335,300,297,406,290,325.60,43.11
414,299,300,290,299,397,317.00,40.16
415,295,321,293,305,324,307.60,12.86
416,302,311,484,302,332,346.20,69.76
417,340,310,324,301,300,315.00,15.17
418,410,336,485,308,306,369.00,69.16
419,417,325,445,333,359,375.80,47.28
420,301,291,305,308,292,299.40,6.82
421,411,322,331,330,321,343.00,34.24
422,401,299,297,365,315,335.40,40.97
423,331,392,297,305,310,327.00,34.39
424,302,393,299,303,311,321.60,35.91
425,305,301,404,312,316,327.60,38.55
426,306,314,404,307,299,326.00,39.28
427,308,312,308,427,305,332.00,47.55
428,321,302,308,390,297,323.60,34.15
429,302,300,298,305,394,319.80,37.17
430,297,312,300,306,407,324.40,41.62
431,325,329,329,326,374,336.60,18.76
432,318,300,308,299,314,307.80,7.49
433,456,328,353,328,323,357.60,50.30
434,407,299,301,307,297,322.20,42.53
435,314,356,302,320,302,318.80,19.86
436,303,415,302,304,306,326.00,44.51
437,300,309,377,299,318,320.60,29.02
438,303,303,412,299,307,324.80,43.67
439,345,330,395,346,328,348.80,24.26
440,312,304,299,409,308,326.40,41.52
441,321,302,315,406,314,331.60,37.70
442,307,312,303,307,422,330.20,45.98
443,340,345,333,335,430,356.60,36.93
444,305,370,309,304,404,338.40,41.14
445,315,312,314,312,380,326.60,26.72
446,335,310,315,304,303,313.40,11.63
447,404,311,312,308,307,328.40,37.84
448,408,306,307,315,304,328.00,40.17
449,336,443,339,347,333,359.60,41.95
450,307,410,312,315,311,331.00,39.58
451,309,415,306,316,316,332.40,41.48
452,310,309,411,308,323,332.20,39.77
453,316,305,408,308,348,337.00,38.64
454,313,309,344,343,307,323.20,16.69
455,336,311,307,413,310,335.40,40.17
456,327,310,310,409,311,333.40,38.34
457,342,347,342,451,342,364.80,43.14
458,308,340,309,345,339,328.20,16.21
459,306,338,313,313,422,338.40,43.19
460,323,332,323,309,411,339.60,36.45
461,339,342,355,341,449,365.20,42.27
462,316,323,333,323,398,338.60,30.19
463,361,336,356,341,451,369.00,42.02
464,317,313,322,317,320,317.80,3.05
465,515,318,323,323,378,371.40,75.10
466,318,312,328,321,330,321.80,6.58
467,423,343,488,409,355,403.60,52.08
468,335,328,344,330,336,334.60,5.57
469,323,325,334,319,326,325.40,4.92
470,330,325,396,329,334,342.80,26.75
471,400,317,324,327,342,342.00,30.12
472,429,325,326,334,324,347.60,40.85
473,429,336,325,330,326,349.20,40.08
474,368,368,332,335,327,346.00,18.14
475,347,412,339,461,332,378.20,50.28
476,433,324,329,331,324,348.20,42.48
477,341,323,326,330,330,330.00,6.09
478,327,334,323,321,324,325.80,4.53
479,358,502,363,355,350,385.60,58.35
480,329,339,328,324,340,332.00,6.35
481,324,328,342,329,325,329.60,6.46
482,326,323,425,331,329,346.80,39.19
483,328,326,327,332,328,328.20,2.03
484,326,329,329,330,331,329.00,1.67
485,331,328,364,470,347,368.00,52.59
486,382,334,343,342,352,350.60,16.70
487,389,377,464,371,382,396.60,34.21
488,433,342,345,344,343,361.40,35.81
489,349,345,340,344,343,344.20,2.92
490,426,347,340,345,347,361.00,32.60
491,381,382,367,383,372,377.00,6.35
492,426,355,356,352,355,368.80,28.63
493,354,355,361,354,479,380.60,49.26
494,356,370,352,361,378,363.40,9.45
495,357,358,362,346,344,353.40,7.08
496,428,348,342,352,346,363.20,32.56
497,350,348,348,348,342,347.20,2.71
498,444,355,412,355,356,384.40,37.01
499,382,394,400,390,388,390.80,6.01
500,424,351,353,358,354,368.00,28.09
501,343,360,349,346,437,367.00,35.46
502,348,354,351,348,359,352.00,4.14
503,375,387,378,384,465,397.80,33.86
504,345,357,359,357,359,355.40,5.27
505,349,356,352,440,441,387.60,43.25
506,355,353,355,351,367,356.20,5.60
507,345,357,356,351,455,372.80,41.32
508,352,358,352,358,357,355.40,2.80
509,376,391,392,380,483,404.40,39.78
510,364,355,362,356,368,361.00,4.89
511,349,358,353,350,449,371.80,38.72
512,354,361,351,357,371,358.80,6.93
513,363,364,379,345,442,378.60,33.48
514,350,360,348,357,356,354.20,4.48
515,356,358,350,362,356,356.40,3.87
516,437,357,352,364,357,373.40,32.02
517,371,362,366,366,369,366.80,3.05
518,363,365,358,358,372,363.20,5.19
519,354,364,358,355,456,377.40,39.45
520,356,373,387,360,376,370.40,11.21
521,383,400,391,389,485,409.60,38.09
522,363,366,365,360,364,363.60,2.05
523,384,399,393,397,486,411.80,37.45
524,363,375,363,371,368,368.00,4.64
525,363,356,364,358,461,380.40,40.41
526,362,375,410,372,402,384.20,18.48
527,357,371,355,368,366,363.40,6.28
528,354,370,381,366,373,368.80,8.88
529,357,371,378,361,455,384.40,36.06
530,367,376,375,374,378,374.00,3.74
531,374,378,366,365,363,369.20,5.77
532,367,369,369,372,375,370.40,2.80
533,377,371,360,368,370,369.20,5.49
534,369,374,392,388,373,379.20,9.06
535,369,374,391,365,454,390.60,32.91
536,365,392,361,373,380,374.20,11.05
537,378,381,372,373,357,372.20,8.28
538,457,396,372,376,380,396.20,31.47
539,365,388,369,380,451,390.60,31.27
540,395,380,377,374,368,378.80,9.01
541,420,411,403,416,495,429.00,33.48
542,378,406,379,371,393,385.40,12.53
543,379,370,384,381,393,381.40,7.44
544,384,379,377,381,370,378.20,4.70
545,380,367,375,385,400,381.40,11.03
546,392,392,389,431,400,400.80,15.53
547,430,424,503,436,416,441.80,31.30
548,393,402,392,396,395,395.60,3.49
549,386,467,401,387,394,407.00,30.48
550,412,391,380,376,378,387.40,13.35
551,423,375,381,374,383,387.20,18.22
552,379,375,386,382,373,379.00,4.69
553,463,380,383,383,374,396.60,33.36
554,386,375,381,376,377,379.00,4.04
555,505,395,384,399,389,414.40,45.58
556,396,393,392,387,378,389.20,6.30
557,524,428,415,413,430,442.00,41.55
558,390,380,385,388,478,404.20,37.05
559,385,388,378,410,391,390.40,10.70
560,391,396,386,387,485,409.00,38.16
561,396,407,402,397,483,417.00,33.23
562,382,382,401,387,461,402.60,30.01
563,423,443,413,444,424,429.40,12.14
564,405,393,386,468,390,408.40,30.46
565,407,384,387,383,396,391.40,9.04
566,393,387,472,397,398,409.40,31.53
567,398,390,387,396,386,391.40,4.80
568,400,390,464,392,392,407.60,28.40
569,425,431,427,435,437,431.00,4.56
570,390,393,400,400,400,396.60,4.27
571,423,441,443,423,430,432.00,8.57
572,410,385,399,398,401,398.60,8.01
573,390,409,393,396,404,398.40,7.05
574,395,490,401,398,413,419.40,35.82
575,418,403,407,410,404,408.40,5.38
576,502,416,407,422,419,433.20,34.76
577,449,455,447,443,508,460.40,24.11
578,397,399,392,401,393,396.40,3.44
579,401,402,398,393,484,415.60,34.34
580,395,405,395,401,394,398.00,4.28
581,393,395,388,403,397,395.20,4.91
582,474,405,396,397,396,413.60,30.38
583,389,406,399,394,482,414.00,34.46
584,401,399,404,390,405,399.80,5.34
585,404,398,401,501,401,421.00,40.04
586,414,405,405,412,428,412.80,8.42
587,465,452,537,468,455,475.40,31.37
588,402,417,397,404,393,402.60,8.16
589,392,483,402,408,394,415.80,34.08
590,411,409,399,408,401,405.60,4.71
591,392,492,409,396,409,419.60,36.83
592,410,411,406,392,402,404.20,6.88
593,529,441,444,443,442,459.80,34.61
594,405,408,397,416,401,405.40,6.46
595,486,406,398,405,408,420.60,32.87
596,410,404,412,400,404,406.00,4.38
597,416,412,405,411,399,408.60,5.95
598,402,417,492,395,408,422.80,35.34
599,441,448,439,454,441,444.60,5.60
600,403,409,411,468,410,420.20,24.06
601,448,450,445,460,497,460.00,19.17
602,410,406,534,404,410,432.80,50.65
603,414,402,433,412,403,412.80,11.16
604,415,415,485,419,408,428.40,28.52
605,415,436,415,410,435,422.20,11.01
606,425,494,424,412,423,435.60,29.57
607,449,449,459,448,511,463.20,24.23
608,417,515,405,424,411,434.40,40.79
609,418,412,443,423,420,423.20,10.53
610,426,420,409,427,429,422.20,7.24
611,412,439,435,419,430,427.00,10.05
612,527,413,420,421,409,438.00,44.72
613,466,457,446,455,531,471.00,30.66
614,412,416,422,416,420,417.20,3.48
615,420,416,438,455,411,428.00,16.28
616,425,421,421,415,423,421.00,3.34
617,465,445,545,469,467,478.20,34.49
618,432,424,424,412,432,424.80,7.33
619,466,459,543,476,482,485.20,29.96
620,423,432,425,434,432,429.20,4.35
621,416,533,448,424,447,453.60,41.63
622,420,418,426,421,419,420.80,2.78
623,520,507,425,421,437,462.00,42.57
624,418,431,431,421,524,445.00,39.84
625,430,424,431,429,432,429.20,2.78
626,435,427,425,578,487,470.40,58.39
627,422,435,427,431,422,427.40,5.08
628,431,431,422,518,428,446.00,36.14
629,429,432,433,426,437,431.40,3.72
630,435,428,510,438,428,447.80,31.34
631,488,477,469,477,479,478.00,6.06
632,539,441,445,466,428,463.80,39.53
633,434,435,519,427,433,449.60,34.81
634,432,448,433,438,428,435.80,6.88
635,439,473,428,438,432,442.00,16.01
636,424,438,445,425,439,434.20,8.28
637,545,452,437,441,436,462.20,41.78
638,453,446,477,432,426,446.80,17.90
639,519,426,434,436,440,451.00,34.30
640,426,437,441,430,519,450.60,34.59
641,480,477,476,477,475,477.00,1.67
642,442,536,438,431,441,457.60,39.38
643,486,480,477,496,607,509.20,49.32
644,435,492,440,439,444,450.00,21.19
645,443,434,526,438,436,455.40,35.42
646,444,459,429,445,443,444.00,9.50
647,488,579,477,493,491,505.60,37.11
648,435,440,446,441,525,457.40,33.97
649,447,449,454,445,435,446.00,6.26
650,452,479,436,538,454,471.80,35.84
651,452,436,451,449,437,445.00,7.01
652,448,526,440,441,450,461.00,32.72
653,484,492,493,502,582,510.60,36.15
654,447,449,442,451,448,447.40,3.00
655,436,456,539,436,440,461.40,39.49
656,449,441,450,453,440,446.60,5.16
657,449,540,446,449,449,466.60,36.71
658,447,453,468,443,455,453.20,8.54
659,596,515,502,497,482,518.40,40.21
660,462,468,477,473,554,486.80,33.97
661,525,502,533,523,630,542.60,44.88
662,448,463,527,458,446,468.40,29.96
663,466,461,452,455,464,459.60,5.31
664,451,539,459,460,446,471.00,34.39
665,461,460,451,454,543,473.80,34.79
666,449,467,454,473,460,460.60,8.63
667,486,452,453,457,553,480.20,38.48
668,449,461,456,472,462,460.00,7.56
669,451,455,463,461,450,456.00,5.21
670,566,453,462,456,450,477.40,44.47
671,472,458,447,543,484,480.80,33.52
672,492,475,481,487,483,483.60,5.71
673,546,521,524,524,506,524.20,12.78
674,461,484,462,546,462,483.00,32.66
675,451,457,457,457,455,455.40,2.33
676,458,457,554,467,453,477.80,38.37
677,519,507,505,503,512,509.20,5.74
678,471,452,553,466,461,480.60,36.74
679,458,464,458,471,459,462.00,5.01
680,455,557,468,464,462,481.20,38.13
681,465,469,458,470,469,466.20,4.44
682,476,574,494,487,487,503.60,35.66
683,535,516,525,617,529,544.40,36.82
684,479,490,497,473,496,487.00,9.48
685,467,554,475,483,462,488.20,33.66
686,469,460,468,475,550,484.40,33.14
687,464,466,470,469,461,466.00,3.28
688,470,500,566,476,470,496.40,36.51
689,465,460,470,472,465,466.40,4.22
690,577,523,476,473,461,502.00,43.04
691,510,528,524,517,583,532.40,26.03
692,473,471,469,476,463,470.40,4.36
693,477,465,592,469,462,493.00,49.75
694,471,476,466,475,484,474.40,5.95
695,507,592,498,506,504,521.40,35.43
696,495,505,502,489,485,495.20,7.54
697,575,490,489,505,506,513.00,31.81
698,495,492,487,591,514,515.80,38.69
699,477,478,479,475,479,477.60,1.49
700,473,482,479,567,496,499.40,34.63
701,518,523,520,520,599,536.00,31.54
702,482,477,488,485,478,482.00,4.14
703,480,491,569,483,478,500.20,34.68
704,475,480,482,486,477,480.00,3.84
705,480,483,479,478,476,479.20,2.31
706,508,507,570,503,497,517.00,26.78
707,490,484,472,484,483,482.60,5.85
708,477,572,479,485,494,501.40,35.79
709,530,545,537,625,535,554.40,35.62
710,478,487,485,475,481,481.20,4.40
711,490,585,478,481,492,505.20,40.24
712,482,491,480,485,479,483.40,4.31
713,493,529,480,487,492,496.20,17.03
714,482,489,489,586,477,504.60,40.95
715,560,486,496,490,504,507.20,27.08
716,496,570,498,511,509,516.80,27.24
717,493,501,499,502,560,511.00,24.69
718,481,501,493,507,591,514.60,39.17
719,553,562,563,567,539,556.80,10.00
720,620,506,521,498,496,528.20,46.73
721,484,494,503,586,506,514.60,36.51
722,484,493,496,490,499,492.40,5.16
723,503,509,499,587,547,529.00,33.65
724,515,513,523,499,501,510.20,8.99
725,492,589,497,492,498,513.60,37.78
726,497,490,501,492,590,514.00,38.19
727,560,546,542,542,557,549.40,7.63
728,508,579,511,515,521,526.80,26.46
729,513,522,586,524,531,535.20,26.04
730,496,494,497,585,494,513.20,35.91
731,508,496,494,501,497,499.20,4.95
732,602,499,499,500,505,521.00,40.56
733,547,543,629,539,548,561.20,34.04
734,576,506,496,505,511,518.80,29.00
735,523,575,556,502,498,530.80,30.18
736,505,501,499,561,495,512.20,24.61
737,498,510,497,497,516,503.60,7.91
738,506,595,493,500,509,520.60,37.60
739,553,555,543,561,667,575.80,45.96
740,536,526,518,539,519,527.60,8.59
741,600,518,529,508,509,532.80,34.44
742,493,513,521,604,508,527.80,39.17
743,557,548,555,554,560,554.80,3.96
744,598,509,506,513,506,526.40,35.89
745,513,517,513,583,504,526.00,28.81
746,518,508,511,505,594,527.20,33.67
747,520,523,521,544,511,523.80,10.90
748,592,509,513,503,511,525.60,33.36
749,513,596,510,502,531,530.40,34.14
750,513,603,515,543,518,538.40,34.06
751,565,571,572,575,558,568.20,6.04
752,523,518,516,522,631,542.00,44.57
753,512,507,517,517,509,512.40,4.07
754,587,524,519,500,514,528.80,30.18
755,516,595,518,526,519,534.80,30.28
756,545,507,509,604,515,536.00,36.64
757,569,563,572,571,644,583.80,30.26
758,522,520,517,527,519,521.00,3.40
759,520,598,525,512,512,533.40,32.67
760,570,510,625,523,520,549.60,43.01
761,562,579,572,637,568,583.60,27.26
762,523,522,520,516,595,535.20,29.99
763,527,520,519,525,522,522.60,3.00
764,576,593,534,542,538,556.60,23.54
765,541,533,641,530,534,555.80,42.75
766,537,537,677,529,551,566.20,55.85
767,528,542,527,525,611,546.60,32.75
768,542,523,529,530,636,552.00,42.44
769,585,671,591,572,601,604.00,34.79
770,575,607,531,524,528,553.00,32.71
771,522,517,530,538,614,544.20,35.62
772,545,538,536,538,589,549.20,20.13
773,592,585,602,583,577,587.80,8.56
774,598,532,545,555,544,554.80,22.79
775,556,614,543,537,533,556.60,29.73
776,540,537,530,607,541,551.00,28.26
777,530,540,531,533,543,535.40,5.16
778,613,557,568,562,556,571.20,21.32
779,560,634,530,545,534,560.60,38.14
780,538,535,618,545,538,554.80,31.77
781,538,537,545,628,527,555.00,36.94
782,535,534,550,639,568,565.20,38.91
783,569,557,538,542,537,548.60,12.46
784,613,545,575,594,542,573.80,27.52
785,548,555,648,534,540,565.00,42.10
786,546,541,547,534,617,557.00,30.35
787,604,614,602,593,626,607.80,11.28
788,540,544,634,538,539,559.00,37.55
789,535,536,541,538,550,540.00,5.40
790,561,545,539,555,629,565.80,32.51
791,559,537,541,548,642,565.40,39.02
792,559,563,572,564,556,562.80,5.41
793,543,630,546,537,554,562.00,34.43
794,535,544,636,548,594,571.40,38.22
795,543,545,548,540,555,546.20,5.11
796,623,541,546,549,545,560.80,31.20
797,599,697,600,604,612,622.40,37.57
798,620,552,550,551,537,562.00,29.50
799,552,552,619,547,564,566.80,26.69
800,581,591,585,586,671,602.80,34.24
801,586,570,566,579,630,586.20,22.98
802,542,550,550,546,536,544.80,5.30
803,557,636,556,557,555,572.20,31.90
804,554,548,559,638,553,570.40,33.97
805,553,557,555,550,548,552.60,3.26
806,623,550,564,554,551,568.40,27.74
807,549,631,560,573,595,581.60,29.06
808,557,552,555,632,560,571.20,30.51
809,607,605,631,614,686,628.60,30.12
810,563,560,562,559,555,559.80,2.78
811,621,699,604,612,611,629.40,35.21
812,551,563,632,566,562,574.80,29.04
813,562,565,639,565,555,577.20,31.11
814,554,561,567,649,563,578.80,35.35
815,567,570,556,600,576,573.80,14.62
816,565,561,571,554,640,578.20,31.39
817,556,562,567,565,561,562.20,3.76
818,561,562,564,556,557,560.00,3.03
819,580,633,565,566,559,580.60,27.08
820,558,563,646,559,578,580.80,33.37
821,634,620,629,707,626,643.20,32.22
822,563,565,569,676,605,595.60,43.03
823,640,655,640,660,697,658.40,20.88
824,568,562,560,565,637,578.40,29.42
825,571,578,574,578,572,574.60,2.93
826,565,654,572,599,605,599.00,31.45
827,652,656,652,735,660,671.00,32.13
828,576,601,575,562,568,576.40,13.30
829,718,629,629,624,633,646.60,35.81
830,652,580,568,564,575,587.80,32.57
831,572,575,672,588,572,595.80,38.55
832,578,576,569,648,574,589.00,29.65
833,566,576,576,582,655,591.00,32.40
834,585,574,572,569,600,580.00,11.36
835,610,684,607,602,577,616.00,35.93
836,600,595,624,582,574,595.00,17.18
837,680,902,554,566,641,668.60,125.71
838,563,639,573,561,678,602.80,47.29
839,639,624,718,756,622,671.80,54.89
840,568,574,646,560,565,582.60,32.02
841,602,571,558,576,567,574.80,14.82
842,570,577,570,563,561,568.20,5.70
843,567,573,558,573,559,566.00,6.51
844,560,580,658,572,566,587.20,36.01
845,572,572,570,580,568,572.40,4.07
846,609,575,585,563,573,581.00,15.64
847,633,565,675,570,572,603.00,43.76
848,568,584,572,584,610,583.60,14.66
849,570,576,577,581,568,574.40,4.75
850,574,585,568,577,572,575.20,5.70
851,570,584,576,616,630,595.20,23.54
852,2406,660,766,698,592,1024.40,693.09
853,672,663,663,655,664,663.40,5.38
854,594,648,597,588,599,605.20,21.72
855,598,627,678,604,603,622.00,29.73
856,601,611,667,599,631,621.80,25.28
857,697,672,708,688,657,684.40,18.07
858,590,585,591,591,599,591.20,4.48
859,659,730,685,750,825,729.80,57.42
860,607,601,608,598,733,629.40,51.93
861,605,605,592,605,612,603.80,6.49
862,633,622,626,611,597,617.80,12.60
863,667,680,671,663,666,669.40,5.88
864,592,594,654,599,608,609.40,22.97
865,613,614,617,634,634,622.40,9.56
866,626,634,600,598,595,610.60,16.11
867,601,607,604,591,602,601.00,5.40
868,609,602,602,603,603,603.80,2.63
869,623,603,607,601,599,606.60,8.61
870,599,602,621,765,609,639.20,63.35
871,607,611,608,605,611,608.40,2.33
872,630,617,657,639,744,657.40,45.21
873,620,622,663,620,616,628.20,17.50
874,630,615,630,609,623,621.40,8.30
875,605,608,618,615,603,609.80,5.77
876,609,613,606,606,609,608.60,2.57
877,677,671,688,682,684,680.40,5.88
878,609,606,607,611,605,607.60,2.15
879,608,637,639,626,620,626.00,11.40
880,629,629,614,605,624,620.20,9.36
881,684,683,722,684,675,689.60,16.54
882,631,731,627,639,625,650.60,40.48
883,687,687,688,701,702,693.00,6.95
884,646,649,770,684,668,683.40,45.42
885,601,599,619,597,604,604.00,7.84
886,610,607,638,605,606,613.20,12.51
887,679,681,671,822,669,704.40,58.97
888,620,609,626,614,613,616.40,5.95
889,609,611,617,643,612,618.40,12.57
890,611,608,607,607,606,607.80,1.72
891,604,611,619,631,646,622.20,14.90
892,625,627,608,600,600,612.00,11.81
893,597,607,607,608,645,612.80,16.59
894,612,622,620,601,603,611.60,8.54
895,614,622,615,607,604,612.40,6.34
896,610,615,649,612,608,618.80,15.27
897,604,606,611,609,611,608.20,2.78
898,609,615,620,606,628,615.60,7.86
899,648,642,647,653,648,647.60,3.49
900,647,641,602,609,618,623.40,17.67
901,618,612,640,617,614,620.20,10.12
902,629,714,646,638,648,655.00,30.25
903,625,617,614,607,618,616.20,5.84
904,618,613,617,617,613,615.60,2.15
905,618,620,617,617,653,625.00,14.04
906,616,636,608,615,634,621.80,11.14
907,693,691,704,699,703,698.00,5.21
908,642,636,636,641,620,635.00,7.89
909,652,616,619,613,623,624.60,14.09
910,628,619,625,654,645,634.20,13.13
911,689,684,681,685,685,684.80,2.56
912,627,628,624,656,655,638.00,14.35
913,654,631,617,618,620,628.00,13.92
914,618,623,622,622,624,621.80,2.03
915,632,623,625,624,623,625.40,3.38
916,620,622,624,631,626,624.60,3.77
917,631,652,663,657,666,653.80,12.38
918,669,631,741,661,660,672.40,36.64
919,732,752,733,693,687,719.40,25.11
920,622,623,617,630,625,623.40,4.22
921,643,626,633,624,632,631.60,6.65
922,664,646,646,703,652,662.20,21.43
923,645,656,670,665,670,661.20,9.57
924,656,714,781,737,632,704.00,54.04
925,620,640,632,625,634,630.20,6.99
926,631,631,632,633,636,632.60,1.85
927,636,669,663,666,651,657.00,12.14
928,630,631,635,623,648,633.40,8.26
929,691,708,701,702,694,699.20,6.04
930,655,633,665,658,641,650.40,11.68
931,633,642,636,652,639,640.40,6.52
932,632,636,674,669,671,656.40,18.40
933,695,643,642,642,641,652.60,21.20
934,655,639,636,635,637,640.40,7.41
935,635,668,644,641,647,647.00,11.22
936,650,651,657,642,642,648.40,5.74
937,710,697,692,701,709,701.80,6.91
938,634,642,639,636,638,637.80,2.71
939,648,633,682,642,635,648.00,17.81
940,642,645,640,658,683,653.60,15.98
941,716,710,699,711,717,710.60,6.40
942,639,636,644,638,642,639.80,2.85
943,646,642,647,640,655,646.00,5.17
944,644,640,639,641,650,642.80,3.96
945,643,648,648,649,664,650.40,7.11
946,681,651,665,674,646,663.40,13.27
947,739,723,715,713,723,722.60,9.15
948,722,638,642,654,653,661.80,30.72
949,652,661,653,660,690,663.20,13.87
950,693,671,683,705,765,703.40,32.77
951,650,640,650,643,640,644.60,4.54
952,652,712,671,652,645,666.40,24.38
953,705,730,717,712,714,715.60,8.21
954,648,654,652,657,657,653.60,3.38
955,674,644,654,661,645,655.60,11.11
956,663,661,652,667,648,658.20,7.08
957,662,655,677,707,712,682.60,23.13
958,724,697,669,684,648,684.40,25.64
959,658,657,661,656,655,657.40,2.05
960,658,661,673,662,656,662.00,5.89
961,668,664,658,666,652,661.60,5.85
962,711,694,943,729,716,758.60,92.87
963,685,773,682,682,705,705.40,34.87
964,677,667,781,683,679,697.40,42.13
965,678,759,696,682,796,722.20,47.02
966,687,805,718,735,717,732.40,39.45
967,798,875,792,800,802,813.40,30.98
968,710,794,709,697,768,735.60,38.24
969,696,691,798,714,689,717.60,41.15
970,673,680,769,682,684,697.60,35.89
971,759,854,752,758,753,775.20,39.49
972,690,680,813,694,859,747.20,74.09
973,701,784,690,687,686,709.60,37.57
974,681,680,789,691,690,706.20,41.64
975,696,782,707,687,686,711.60,36.00
976,683,681,793,690,710,711.40,42.06
977,800,881,771,767,785,800.80,41.74
978,724,816,753,711,689,738.60,43.89
979,688,697,779,688,703,711.00,34.47
980,697,827,701,710,690,725.00,51.40
981,692,775,694,694,697,710.40,32.33
982,704,697,694,699,717,702.20,8.08
983,782,789,870,839,902,836.40,46.14
984,780,788,778,768,821,787.00,18.15
985,696,709,698,702,696,700.20,4.91
986,701,696,701,693,708,699.80,5.11
987,693,697,690,702,732,702.80,15.14
988,740,743,746,747,747,744.60,2.72
989,781,784,778,770,723,767.20,22.58
990,714,821,705,724,720,736.80,42.58
991,795,799,792,827,827,808.00,15.67
992,736,727,724,715,711,722.60,8.86
993,721,721,743,720,722,725.40,8.82
994,723,714,713,712,709,714.20,4.70
995,705,703,716,721,733,715.60,10.98
996,746,754,736,809,792,767.40,28.13
997,785,780,785,777,785,782.40,3.32
998,714,747,708,714,710,718.60,14.38
999,724,878,720,838,720,776.00,68.15
1000,723,721,721,713,805,736.60,34.37
1001,791,796,810,726,713,767.20,39.65
1002,717,728,716,716,724,720.20,4.91
1003,717,715,722,716,720,718.00,2.60
1004,710,723,760,776,746,743.00,23.98
1005,743,770,769,763,775,764.00,11.17
1006,725,721,720,730,724,724.00,3.52
1007,769,725,730,739,764,745.40,17.87
1008,740,736,750,768,902,779.20,62.38
1009,857,849,849,834,847,847.20,7.44
1010,768,768,734,732,728,746.00,18.06
1011,723,735,735,721,725,727.80,6.01
1012,722,747,722,720,724,727.00,10.07
1013,807,816,817,812,810,812.40,3.72
1014,728,810,765,746,777,765.20,27.92
1015,744,745,769,728,738,744.80,13.52
1016,733,723,732,727,736,730.20,4.62
1017,732,756,796,746,762,758.40,21.36
1018,740,865,750,718,748,764.20,51.66
1019,812,810,814,805,806,809.40,3.44
1020,732,734,740,730,752,737.60,7.93
1021,811,806,848,819,816,820.00,14.68
1022,743,734,747,746,751,744.20,5.70
1023,765,782,820,794,729,778.00,30.35
1024,738,748,746,735,747,742.80,5.26
1025,747,741,730,755,752,745.00,8.87
1026,761,757,779,773,741,762.20,13.24
1027,764,741,754,845,777,776.20,36.37
1028,785,760,772,784,788,777.80,10.43
1029,976,762,755,770,759,804.40,85.94
1030,750,762,739,747,745,748.60,7.60
1031,820,823,829,847,832,830.20,9.41
1032,779,796,796,794,777,788.40,8.54
1033,820,857,828,832,862,839.80,16.61
1034,786,812,803,794,815,802.00,10.86
1035,788,833,788,867,765,808.20,36.75
1036,748,744,741,746,762,748.20,7.27
1037,760,776,759,780,782,771.40,9.91
1038,799,787,783,763,748,776.00,18.17
1039,836,831,832,882,890,854.20,26.14
1040,769,771,781,795,794,782.00,10.99
1041,790,808,842,759,918,823.40,54.39
1042,763,869,815,767,788,800.40,38.95
1043,790,804,1024,775,774,833.40,95.93
1044,848,857,754,802,887,829.60,46.60
1045,750,837,823,880,833,824.60,42.09
1046,758,761,883,790,887,815.80,57.61
1047,954,796,861,763,784,831.60,69.40
1048,835,768,863,854,854,834.80,34.62
1049,924,851,846,840,837,859.60,32.56
1050,792,780,782,793,782,785.80,5.52
1051,887,873,881,927,839,881.40,28.21
1052,762,761,767,759,762,762.20,2.63
1053,752,765,759,784,783,768.60,12.84
1054,780,778,781,783,780,780.40,1.62
1055,854,863,860,969,814,872.00,51.61
1056,775,763,784,797,787,781.20,11.49
1057,779,861,806,801,802,809.80,27.28
1058,814,777,771,767,803,786.40,18.65
1059,782,761,771,765,763,768.40,7.57
1060,769,773,770,771,781,772.80,4.30
1061,842,865,845,857,872,856.20,11.44
1062,808,852,833,825,801,823.80,18.17
1063,925,932,933,912,857,911.80,28.40
1064,793,784,808,845,920,830.00,49.58
1065,802,785,793,829,834,808.60,19.52
1066,829,782,790,782,791,794.80,17.52
1067,774,780,790,777,795,783.20,7.98
1068,781,778,819,808,801,797.40,15.73
1069,909,877,884,945,910,905.00,23.94
1070,843,832,782,789,793,807.80,24.74
1071,787,994,780,789,791,828.20,82.98
1072,830,805,795,818,800,809.60,12.75
1073,799,799,801,864,795,811.60,26.27
1074,803,814,805,818,816,811.20,6.04
1075,801,817,786,796,796,799.20,10.14
1076,789,789,814,799,795,797.20,9.21
1077,797,809,816,820,874,823.20,26.57
1078,844,841,854,871,842,850.40,11.28
1079,824,847,844,839,800,830.80,17.31
1080,805,792,806,896,804,820.60,38.03
1081,806,805,811,826,817,813.00,7.77
1082,795,810,806,809,800,804.00,5.69
1083,819,826,823,813,795,815.20,10.99
1084,811,822,812,831,840,823.20,11.12
1085,1000,1142,937,899,842,964.00,102.77
1086,1043,817,793,808,822,856.60,93.72
1087,908,877,880,888,887,888.00,10.82
1088,826,799,798,811,827,812.20,12.54
1089,846,856,871,857,893,864.60,16.28
1090,945,826,830,838,908,869.40,48.22
1091,931,933,927,943,938,934.40,5.57
1092,833,837,852,920,873,863.00,31.76
1093,893,886,875,893,881,885.60,6.97
1094,801,812,808,796,798,803.00,6.06
1095,806,798,799,794,809,801.20,5.49
1096,804,793,806,790,801,798.80,6.24
1097,936,998,1004,1001,1181,1024.00,82.45
1098,822,997,1475,1386,863,1108.60,270.59
1099,1093,827,988,2692,817,1283.40,711.82
1100,839,818,796,803,968,844.80,63.33
1101,912,969,937,816,815,889.80,63.30
1102,874,893,844,882,806,859.80,31.43
1103,880,864,861,866,858,865.80,7.60
1104,811,784,789,799,823,801.20,14.28
1105,801,785,789,827,843,809.00,22.44
1106,859,866,864,862,844,859.00,7.84
1107,793,780,785,784,769,782.20,7.83
1108,792,796,790,782,786,789.20,4.83
1109,868,871,936,954,937,913.20,36.26
1110,841,867,857,800,781,829.20,33.21
1111,861,855,790,794,784,816.80,33.84
1112,776,785,880,805,819,813.00,36.72
1113,810,787,835,780,784,799.20,20.72
1114,789,786,786,799,786,789.20,5.03
1115,791,786,840,799,855,814.20,27.90
1116,798,797,799,792,776,792.40,8.54
1117,868,858,871,859,879,867.00,7.82
1118,796,1271,844,823,839,914.60,178.98
1119,843,843,831,830,810,831.40,12.07
1120,879,963,844,930,870,897.20,43.14
1121,986,1057,825,828,827,904.60,98.05
1122,842,911,896,830,827,861.20,35.22
1123,915,917,918,912,905,913.40,4.67
1124,831,826,991,827,840,863.00,64.19
1125,825,801,811,823,808,813.60,9.11
1126,800,807,829,806,936,835.60,51.15
1127,850,836,839,843,933,860.20,36.70
1128,1041,1040,891,1129,837,987.60,107.33
1129,928,996,923,920,958,945.00,28.87
1130,858,879,868,877,902,876.80,14.63
1131,888,862,1069,925,899,928.60,73.05
1132,891,1006,946,914,881,927.60,45.12
1133,904,844,873,909,904,886.80,24.92
1134,905,854,870,914,878,884.20,22.23
1135,853,871,877,848,843,858.40,13.26
1136,877,869,867,868,854,867.00,7.40
1137,2220,845,1307,4019,983,1874.80,1174.30
1138,888,873,998,975,1355,1017.80,175.35
1139,1144,916,2496,3700,1067,1864.60,1079.13
1140,998,939,872,850,861,904.00,56.30
1141,910,982,969,847,882,918.00,51.18
1142,843,844,839,839,865,846.00,9.71
1143,840,853,855,849,863,852.00,7.53
1144,845,850,848,2005,860,1081.60,461.72
1145,852,858,860,863,844,855.40,6.74
1146,852,856,5111,1054,921,1758.80,1677.69
1147,863,860,903,941,1354,984.20,187.25
1148,888,884,854,845,852,864.60,17.77
1149,852,847,850,853,853,851.00,2.28
1150,853,852,853,883,920,872.20,26.63
1151,1261,999,1021,994,940,1043.00,112.20
1152,867,900,853,869,871,872.00,15.36
1153,974,942,963,937,953,953.80,13.52
1154,892,875,865,865,873,874.00,9.87
1155,862,918,946,964,928,923.60,34.58
1156,889,875,868,907,861,880.00,16.37
1157,857,862,1016,865,1034,926.80,80.42
1158,833,849,836,845,867,846.00,12.00
1159,873,922,874,867,857,878.60,22.52
1160,915,843,856,844,840,859.60,28.23
1161,858,877,860,843,845,856.60,12.24
1162,844,1083,890,1238,876,986.20,151.25
1163,1156,1129,974,990,970,1043.80,81.31
1164,957,918,870,957,977,935.80,38.05
1165,883,858,882,952,865,888.00,33.42
1166,872,869,969,984,988,936.40,54.18
1167,983,987,871,875,873,917.80,54.89
1168,965,872,884,885,962,913.60,41.01
1169,876,875,903,972,867,898.60,38.66
1170,876,879,970,940,962,925.40,40.33
1171,1040,1080,972,1066,1034,1038.40,37.21
1172,1044,921,985,915,951,963.20,47.44
1173,897,883,869,951,892,898.40,27.96
1174,875,890,974,890,883,902.40,36.22
1175,867,976,884,872,871,894.00,41.39
1176,1032,876,949,887,968,942.40,56.93
1177,872,876,900,974,916,907.60,36.88
1178,908,986,1140,947,951,986.40,80.67
1179,963,1009,872,871,886,920.20,55.91
1180,952,868,886,882,966,910.80,40.05
1181,998,971,997,1069,1242,1055.40,98.82
1182,910,900,1001,910,907,925.60,37.87
1183,899,987,886,890,1030,938.40,58.97
1184,984,900,933,926,987,946.00,34.08
1185,878,885,924,1139,912,947.60,97.18
1186,880,931,1027,922,904,932.80,50.22
1187,993,1068,1157,991,1004,1042.60,63.78
1188,1102,915,5638,965,1073,1938.60,1850.96
1189,1043,901,901,945,972,952.40,52.78
1190,925,927,908,932,942,926.80,11.08
1191,908,901,923,975,978,937.00,33.03
1192,987,976,902,927,921,942.60,33.00
1193,984,990,1028,993,1096,1018.20,41.83
1194,913,1143,915,960,1052,996.60,88.86
1195,950,916,962,930,954,942.40,16.89
1196,909,949,984,2317,2647,1561.20,759.40
1197,1208,954,952,959,912,997.00,106.83
1198,923,1033,993,969,948,973.20,37.79
1199,1002,1324,928,923,908,1017.00,156.91
1200,916,899,896,891,917,903.80,10.68
1201,1007,1025,1054,1081,1058,1045.00,26.03
1202,977,965,1000,950,957,969.80,17.56
1203,921,914,903,908,886,906.40,11.84
1204,910,890,907,917,915,907.80,9.57
1205,899,878,879,998,887,908.20,45.52
1206,884,919,883,883,901,894.00,14.25
1207,917,975,936,1149,886,972.60,92.79
1208,883,872,878,878,879,878.00,3.52
1209,874,904,884,894,972,905.60,34.67
1210,1019,1001,993,988,1121,1024.40,49.43
1211,901,915,935,931,897,915.80,15.31
1212,912,971,972,941,1180,995.20,95.01
1213,1067,1074,1045,1017,1165,1073.60,49.83
1214,917,934,929,922,942,928.80,8.79
1215,948,932,997,945,937,951.80,23.30
1216,933,995,938,949,1004,963.80,29.74
1217,1005,1019,1007,981,986,999.60,14.07
1218,888,923,914,905,969,919.80,27.18
1219,932,909,928,917,894,916.00,13.66
1220,902,902,902,901,897,900.80,1.93
1221,900,896,904,915,924,907.80,10.28
1222,936,952,1008,949,943,957.60,25.78
1223,998,1040,998,1064,1034,1026.80,25.56
1224,962,953,900,1002,924,948.20,34.68
1225,934,964,935,995,985,962.60,25.03
1226,986,914,938,998,970,961.20,31.02
1227,914,923,907,912,934,918.00,9.52
1228,942,920,1026,1032,1026,989.20,48.07
1229,1037,1073,1068,1036,985,1039.80,31.37
1230,905,947,908,903,1022,937.00,45.48
1231,1070,1055,1039,1011,1000,1035.00,26.23
1232,915,903,923,933,919,918.60,9.83
1233,916,899,913,948,949,925.00,20.02
1234,1074,1025,1041,975,993,1021.60,34.99
1235,1003,988,984,957,932,972.80,25.23
1236,929,926,897,925,897,914.80,14.59
1237,987,980,997,1014,985,992.60,12.04
1238,893,899,896,928,924,908.00,14.87
1239,916,908,926,999,945,938.80,32.54
1240,891,948,1005,1087,963,978.80,65.26
1241,1124,950,975,1028,1020,1019.40,59.67
1242,1112,1023,993,1091,1019,1047.60,45.68
1243,1002,956,957,934,938,957.40,24.14
1244,939,932,954,971,982,955.60,18.81
1245,1001,935,922,937,915,942.00,30.60
1246,946,985,1008,948,952,967.80,24.61
1247,968,984,935,956,932,955.00,19.69
1248,956,1004,934,921,915,946.00,32.23
1249,1019,1038,1053,1004,1028,1028.40,16.62
1250,919,923,906,946,974,933.60,23.97
1251,954,962,975,991,979,972.20,12.98
1252,1072,1041,1031,968,934,1009.20,50.56
1253,1065,1041,1161,1059,1137,1092.60,47.33
1254,1029,1079,1026,1011,942,1017.40,44.11
1255,967,968,953,988,981,971.40,12.14
1256,960,940,935,938,938,942.20,9.04
1257,990,946,951,931,954,954.40,19.47
1258,929,942,934,986,1095,977.20,62.26
1259,1039,1104,1026,1025,1043,1047.40,29.16
1260,1045,981,926,1009,969,986.00,39.80
1261,962,990,989,941,932,962.80,23.87
1262,965,938,927,936,931,939.40,13.36
1263,938,929,932,932,985,943.20,21.10
1264,945,948,933,1021,1036,976.60,42.93
1265,984,960,943,1001,963,970.20,20.17
1266,950,957,983,1029,943,972.40,31.36
1267,933,946,960,964,946,949.80,11.10
1268,960,978,1003,980,992,982.60,14.44
1269,986,1024,1007,1030,987,1006.80,18.21
1270,976,969,951,951,954,960.20,10.34
1271,943,961,994,1026,968,978.40,28.89
1272,954,1002,1034,1020,1009,1003.80,27.14
1273,1047,990,991,3306,1012,1469.20,918.63
1274,1004,1176,985,990,1132,1057.40,80.33
1275,1091,1038,979,974,985,1013.40,45.09
1276,1091,979,1010,1011,981,1014.40,40.66
1277,1060,1038,1059,1237,1086,1096.00,72.12
1278,1068,981,968,1003,1085,1021.00,46.98
1279,1193,1151,1053,1168,1184,1149.80,50.47
1280,952,983,1016,986,986,984.60,20.27
1281,980,1004,1046,1014,1008,1010.40,21.21
1282,1026,958,964,963,955,973.20,26.60
1283,1330,1062,1053,1087,1054,1117.20,107.10
1284,953,964,989,1044,999,989.80,31.75
1285,975,968,958,1014,988,980.60,19.34
1286,1015,1031,1121,7711,1031,2381.80,2664.86
1287,1014,1005,1000,1025,996,1008.00,10.41
1288,1043,3981,1264,1007,997,1658.40,1165.37
1289,1127,1117,1091,1231,1172,1147.60,49.22
1290,1068,1005,1052,1025,1149,1059.80,49.59
1291,1133,1153,1161,1090,1106,1128.60,27.07
1292,988,1004,991,1035,998,1003.20,16.84
1293,1013,994,996,996,1010,1001.80,8.00
1294,1000,1155,1029,1096,1068,1069.60,53.82
1295,1057,1053,1100,1090,1084,1076.80,18.56
1296,1002,997,1078,1122,1023,1044.40,48.27
1297,1111,1103,1084,1101,1081,1096.00,11.55
1298,988,994,1017,1013,990,1000.40,12.14
1299,1021,993,990,996,987,997.40,12.17
1300,1116,1093,1011,989,990,1039.80,53.90
1301,1118,1112,1130,1101,1120,1116.20,9.55
1302,1035,1149,1018,1003,1005,1042.00,54.70
1303,1111,1181,1128,1105,1168,1138.60,30.54
1304,1062,1038,994,991,1042,1025.40,28.08
1305,1017,1020,1034,1047,1000,1023.60,15.93
1306,996,1016,1064,991,1002,1013.80,26.46
1307,1114,1100,1185,1130,1125,1130.80,28.99
1308,1029,1079,1017,1011,987,1024.60,30.44
1309,1005,1002,1039,1001,1000,1009.40,14.89
1310,998,1002,1024,1027,995,1009.20,13.52
1311,1016,996,1005,991,1026,1006.80,12.82
1312,1037,1080,1019,1015,1044,1039.00,23.17
1313,1119,1109,1214,1060,1008,1102.00,68.53
1314,1053,1005,1076,1022,1043,1039.80,24.58
1315,1030,1015,1109,1098,1076,1065.60,37.06
1316,1053,1047,1034,1031,1046,1042.20,8.32
1317,1076,1025,1029,1014,1002,1029.20,25.21
1318,1032,1024,1068,1068,1170,1072.40,52.03
1319,1164,1145,1140,1229,1190,1173.60,32.79
1320,1086,1057,1053,1388,1112,1139.20,126.22
1321,1180,1140,1161,1119,1236,1167.20,39.99
1322,1026,1042,1056,1036,1118,1055.60,32.67
1323,1039,1046,1016,1030,1186,1063.40,62.11
1324,1019,1003,1035,1265,1111,1086.60,96.58
1325,1210,1106,1043,1054,1043,1091.20,63.81
1326,1042,1033,1030,1034,1045,1036.80,5.70
1327,2985,2930,1234,1176,1206,1906.20,858.75
1328,1086,1083,1494,1125,1142,1186.00,155.64
1329,1077,1103,1052,1054,1034,1064.00,23.80
1330,1037,1031,1028,1097,1078,1054.20,27.99
1331,1118,1110,1049,1040,1036,1070.60,35.77
1332,1029,1065,1071,1101,1134,1080.00,35.39
1333,1103,2343,1140,1054,1048,1337.60,503.82
1334,1028,1035,1081,1125,1027,1059.20,38.47
1335,1236,1105,1059,1136,1186,1144.40,61.70
1336,1162,1058,1057,1314,1278,1173.80,107.42
1337,1497,1151,1228,1041,1217,1226.80,150.58
1338,1137,1150,1141,1073,1066,1113.40,36.15
1339,1123,1056,1072,1103,1086,1088.00,23.38
1340,1111,1060,1067,1093,1060,1078.20,20.40
1341,1113,1071,1065,1127,1104,1096.00,24.08
1342,1101,1074,1078,1060,1081,1078.80,13.22
1343,1101,1053,1065,1057,1152,1085.60,37.28
1344,1109,1060,1116,1112,1060,1091.40,25.73
1345,1045,1080,1054,1046,1051,1055.20,12.82
1346,1048,1102,1067,1266,1107,1118.00,77.17
1347,1124,1124,1132,1088,1098,1113.20,17.04
1348,1071,1264,1049,1108,1116,1121.60,75.26
1349,1083,1259,1401,1085,1116,1188.80,124.27
1350,1074,1180,1092,1069,1068,1096.60,42.58
1351,1200,1081,1086,1086,1164,1123.40,49.21
1352,1081,1096,1201,1081,1160,1123.80,48.38
1353,1076,1150,1081,1063,1164,1106.80,41.64
1354,1192,1127,1091,1202,1134,1149.20,41.78
1355,1141,1070,1182,1085,1073,1110.20,44.13
1356,1067,1165,1064,1066,1074,1087.20,39.04
1357,1158,1107,1057,1064,1197,1116.60,54.01
1358,1071,1063,1063,1074,1067,1067.60,4.36
1359,1077,1077,1109,1116,1067,1089.20,19.49
1360,1150,1164,1161,1078,1069,1124.40,41.91
1361,1195,1304,1200,1199,1223,1224.20,41.09
1362,1102,1086,1075,1071,1085,1083.80,10.75
1363,1074,1078,1117,1102,1090,1092.20,15.80
1364,1072,1086,1077,1082,1189,1101.20,44.15
1365,1075,1091,1126,1117,1071,1096.00,22.05
1366,1090,1101,1164,1169,1143,1133.40,32.33
1367,1191,1189,1176,1175,1183,1182.80,6.52
1368,1079,1071,1076,1071,1079,1075.20,3.60
1369,1083,1152,1187,1117,1168,1141.40,37.16
1370,1099,1080,1082,1079,1071,1082.20,9.19
1371,1085,1103,1084,1117,1203,1118.40,44.03
1372,1119,1121,1082,1074,1086,1096.40,19.66
1373,1200,1193,1199,1200,1204,1199.20,3.54
1374,1106,1077,1082,1111,1122,1099.60,17.28
1375,1144,1111,1100,1093,1173,1124.20,30.02
1376,1149,1121,1100,1171,1176,1143.40,29.12
1377,1108,1107,1090,1088,1095,1097.60,8.40
1378,1140,1123,1121,1122,1129,1127.00,7.07
1379,1096,1093,1099,1099,1107,1098.80,4.66
1380,1113,1076,1095,1094,1098,1095.20,11.78
1381,1208,1267,1287,1207,1230,1239.80,32.09
1382,1123,1089,1089,1083,1106,1098.00,14.66
1383,1100,1108,1170,1485,1335,1239.60,148.97
1384,1203,1423,1241,1297,1265,1285.80,75.15
1385,1434,1104,1216,1236,1126,1223.20,116.88
1386,1145,1246,1109,1125,1144,1153.80,47.98
1387,1114,1103,1148,1204,1201,1154.00,42.29
1388,1185,1126,1089,1081,1087,1113.60,39.05
1389,1088,1078,1083,1086,1121,1091.20,15.27
1390,1072,1114,1120,1107,1104,1103.40,16.65
1391,1167,1147,1107,1142,1162,1145.00,21.11
1392,1122,1127,1115,1130,1176,1134.00,21.60
1393,1099,1110,1144,1210,1102,1133.00,41.70
1394,1151,1107,1097,1113,1083,1110.20,22.78
1395,1103,1138,1103,1146,1124,1122.80,17.63
1396,1094,1084,1103,1140,1101,1104.40,19.00
1397,1086,1100,1103,1123,1149,1112.20,21.86
1398,1331,1106,1092,1130,1128,1157.40,87.94
1399,1319,1264,1291,1322,1226,1284.40,36.00
1400,1100,1103,1080,1088,1069,1088.00,12.60
1401,1073,1079,1068,1087,1068,1075.00,7.23
1402,1081,1065,1075,1066,1072,1071.80,5.91
1403,1095,1214,1111,1125,1361,1181.20,98.91
1404,1147,1128,1228,1132,1219,1170.80,43.58
1405,1452,1308,1137,1344,1247,1297.60,104.35
1406,1146,1367,1267,1126,1120,1205.20,96.98
1407,1111,1118,1086,1139,1290,1148.80,72.60
1408,1286,1116,1186,1165,1126,1175.80,60.69
1409,1209,1194,1225,1265,1407,1260.00,77.22
1410,1230,1128,1143,1126,1110,1147.40,42.60
1411,1477,1142,1169,1172,1166,1225.20,126.34
1412,1149,1147,5708,1180,1143,2065.40,1821.34
1413,1205,2745,1363,1138,1151,1520.40,617.50
1414,1139,1138,1495,3415,1179,1673.20,881.09
1415,1286,1165,1148,1191,1146,1187.20,51.96
1416,1173,1168,1153,1144,1199,1167.40,18.89
1417,2376,1210,1178,1239,1254,1451.40,463.03
1418,1221,1252,1307,1363,1166,1261.80,68.15
1419,1295,1140,1291,1158,1239,1224.60,65.06
1420,1249,1140,1141,1134,1141,1161.00,44.07
1421,1137,1133,1129,1145,1146,1138.00,6.63
1422,1162,1132,1140,1187,1212,1166.60,29.67
1423,1250,1225,1219,1230,1227,1230.20,10.53
1424,1123,1122,1105,1158,1145,1130.60,18.68
1425,1114,1126,1111,1159,1108,1123.60,18.72
1426,1111,1116,1108,1134,1162,1126.20,20.04
1427,1282,1276,1246,1219,1250,1254.60,22.67
1428,1113,1140,1128,1144,1123,1129.60,11.28
1429,1252,1247,1233,1569,1463,1352.80,137.54
1430,1207,1205,1243,1221,1208,1216.80,14.26
1431,1155,1193,1293,1172,1170,1196.60,49.69
1432,1168,1207,1210,1167,1165,1183.40,20.53
1433,1280,1278,1290,1285,1287,1284.00,4.42
1434,1157,1154,1169,1146,1154,1156.00,7.45
1435,1421,1293,1170,1172,1171,1245.40,99.70
1436,1187,1162,1173,1187,1217,1185.20,18.46
1437,1211,1225,1171,1155,1181,1188.60,25.78
1438,1168,1160,1163,1225,1155,1174.20,25.74
1439,1411,1363,1365,1340,1280,1351.80,42.65
1440,1232,1137,1122,1141,1186,1163.60,40.32
1441,1204,1203,1278,1138,1122,1189.00,55.55
1442,1117,1151,1159,1149,1106,1136.40,20.89
1443,1122,1113,1125,1127,1117,1120.80,5.15
1444,1128,1143,1119,1128,1136,1130.80,8.13
1445,1124,1113,1163,1205,1232,1167.40,45.71
1446,1247,1321,1238,1172,1238,1243.20,47.30
1447,1311,1299,1315,1354,1269,1309.60,27.43
1448,1157,1181,1145,1166,1188,1167.40,15.62
1449,1211,1164,1190,1242,1139,1189.20,35.82
1450,1220,1169,1196,1224,1186,1199.00,20.70
1451,1279,1291,1659,1350,1353,1386.40,139.56
1452,1155,1142,1161,1156,1153,1153.40,6.28
1453,1272,1271,1265,1271,1260,1267.80,4.62
1454,1147,1138,1189,1163,1165,1160.40,17.47
1455,1199,1148,1139,1144,1157,1157.40,21.62
1456,1392,1179,1171,1142,1165,1209.80,91.92
1457,1163,1201,1154,1144,1155,1163.40,19.74
1458,1192,1155,1157,1139,1153,1159.20,17.57
1459,1265,1254,1284,1281,1255,1267.80,12.63
1460,1133,1130,1147,1182,1177,1153.80,21.81
1461,1188,1190,1172,1163,1195,1181.60,12.07
1462,1205,1163,1194,1156,1204,1184.40,20.80
1463,1159,1159,1167,1181,1154,1164.00,9.46
1464,1170,1264,1255,1241,1212,1228.40,34.09
1465,1218,1151,1180,1332,1203,1216.80,61.88
1466,1182,1188,1149,1144,1153,1163.20,18.12
1467,1155,1138,1148,1137,1149,1145.40,6.88
1468,1136,1141,1146,1173,1185,1156.20,19.26
1469,1281,1234,1206,1186,1425,1266.40,85.47
1470,1170,1172,1354,1203,1313,1242.40,76.40
1471,1295,1290,1288,1272,1259,1280.80,13.34
1472,1152,1152,1169,1151,1147,1154.20,7.62
1473,1260,1176,1162,1182,1221,1200.20,35.73
1474,1210,1206,1156,1161,1181,1182.80,22.24
1475,1206,1182,1160,1202,1195,1189.00,16.63
1476,1207,1380,1263,1260,1243,1270.60,58.21
1477,1208,1217,3107,1730,1222,1696.80,732.71
1478,1210,1191,1195,1376,1380,1270.40,88.09
1479,1222,1240,1213,1235,1240,1230.00,10.75
1480,1312,1210,1247,1255,1206,1246.00,38.29
1481,1328,1317,1324,1343,1356,1333.60,14.06
1482,1203,1263,1309,1214,1250,1247.80,37.76
1483,1379,1395,1318,1324,1365,1356.20,30.32
1484,1312,1210,1169,1209,1272,1234.40,50.89
1485,3104,1243,1238,1278,1301,1632.80,735.96
1486,1440,1306,1244,1247,1302,1307.80,71.10
1487,1380,1375,1323,1330,1325,1346.60,25.38
1488,1246,1230,1187,1174,1190,1205.40,27.62
1489,1298,1433,1334,1340,1301,1341.20,48.91
1490,7203,1350,1249,1237,1205,2448.80,2377.59
1491,1221,1368,1401,1239,1268,1299.40,71.84
1492,1352,1300,1239,1222,1227,1268.00,50.43
1493,1351,1357,1316,1300,1308,1326.40,23.17
1494,1233,1309,1501,1426,1296,1353.00,96.76
1495,1335,1354,1377,1307,1405,1355.60,33.72
1496,1288,1260,1271,1236,1217,1254.40,25.19
1497,1195,1383,1212,1201,1220,1242.20,70.92
1498,1214,1197,1190,1193,1226,1204.00,13.78
1499,1344,1340,1374,1294,1309,1332.20,28.08
1500,1177,1189,1186,1199,1265,1203.20,31.68
1501,1261,1232,1269,1184,1203,1229.80,32.65
1502,1206,1217,1189,1183,1216,1202.20,13.90
1503,1327,1209,1254,1226,1267,1256.60,40.67
1504,1261,1208,1230,1195,1203,1219.40,23.82
1505,1249,1388,1351,1269,1221,1295.60,63.32
1506,1251,1353,1377,1268,1254,1300.60,53.43
1507,1274,1244,1230,1220,1251,1243.80,18.55
1508,1271,1534,1245,1215,1205,1294.00,122.22
1509,1215,1288,1244,1242,1219,1241.60,25.98
1510,1231,1212,1244,1270,1230,1237.40,19.22
1511,1339,1345,1346,1331,1322,1336.60,9.04
1512,1193,1208,1235,1255,1278,1233.80,30.77
1513,1268,1222,1282,1343,1543,1331.60,112.54
1514,1362,1339,1352,1355,1324,1346.40,13.45
1515,1354,1350,3679,1344,1297,1804.80,937.32
1516,1551,1234,1579,2110,1283,1551.40,311.63
1517,1304,1310,1239,1217,1452,1304.40,82.13
1518,1218,1217,1246,1206,1228,1223.00,13.44
1519,1280,1241,1314,1274,1280,1277.80,23.18
1520,1209,1208,1205,1189,1208,1203.80,7.52
1521,1213,1292,1301,1292,1277,1275.00,31.94
1522,1221,1215,1222,1225,1326,1241.80,42.22
1523,1447,1395,1392,7263,1460,2591.40,2335.95
1524,1316,1428,1396,1631,1472,1448.60,104.49
1525,1317,1335,1322,1330,1352,1331.20,12.12
1526,1317,1364,1296,1263,1229,1293.80,46.08
1527,1265,1258,1231,1245,1276,1255.00,15.65
1528,1276,2509,1337,1537,1307,1593.20,466.90
1529,1284,1266,1380,1304,1329,1312.60,39.68
1530,1417,1387,1407,1266,1405,1376.40,56.04
1531,1481,2747,1491,1404,1453,1715.20,516.78
1532,1539,1470,1305,1316,1260,1378.00,107.22
1533,1232,1239,1257,1260,1319,1261.40,30.67
1534,1361,1280,1228,1226,1288,1276.60,49.37
1535,1305,1374,1246,1238,1216,1275.80,57.25
1536,1226,1239,1235,1222,1227,1229.80,6.24
1537,1221,1239,1220,1236,1268,1236.80,17.38
1538,1248,1242,1241,1220,1226,1235.40,10.57
1539,1219,1248,1232,1228,1246,1234.60,10.98
1540,1228,1230,1340,1307,1257,1272.40,44.21
1541,1227,1232,1214,1222,1238,1226.60,8.23
1542,1249,1264,1235,1248,1232,1245.60,11.42
1543,1364,1375,1362,1393,1414,1381.60,19.58
1544,1328,1268,1239,1232,1232,1259.80,36.59
1545,1233,1235,1230,1226,1273,1239.40,17.07
1546,1230,1234,1233,1242,1258,1239.40,10.11
1547,1236,1227,1232,1231,1218,1228.80,6.11
1548,1238,1242,1339,1361,1324,1300.80,51.03
1549,1377,1349,1351,1350,1360,1357.40,10.55
1550,1234,1219,1231,1327,1312,1264.60,45.35
1551,1231,1242,1230,1231,1222,1231.20,6.36
1552,1230,1232,1237,1305,1272,1255.20,29.21
1553,1492,1389,1384,1376,1380,1404.20,44.11
1554,1241,1227,1236,1266,1240,1242.00,12.97
1555,1272,1242,1229,1252,1288,1256.60,21.06
1556,1368,1240,1233,1271,1260,1274.40,48.73
1557,1265,1333,1272,1265,1255,1278.00,28.02
1558,1369,1322,1247,1250,1272,1292.00,46.94
1559,1407,1366,1360,1374,1369,1375.20,16.53
1560,1233,1254,1239,1234,1237,1239.40,7.60
1561,1247,1245,1252,1249,1259,1250.40,4.88
1562,1270,1299,1282,1293,1266,1282.00,12.72
1563,1258,1252,1241,1253,1242,1249.20,6.61
1564,1238,1258,1249,1256,1292,1258.60,18.10
1565,1257,1249,1248,1249,1293,1259.20,17.20
1566,1245,1248,1270,1293,1267,1264.60,17.32
1567,1415,1408,1433,1436,1484,1435.20,26.58
1568,1264,1336,1278,1253,1259,1278.00,30.15
1569,1251,1273,1290,1245,1258,1263.40,16.25
1570,1267,1260,1264,1259,1248,1259.60,6.46
1571,1365,1404,1406,1444,1460,1415.80,33.36
1572,1238,1270,1262,1258,1256,1256.80,10.55
1573,1260,1278,1270,1248,1264,1264.00,10.03
1574,1270,1281,1259,1289,1249,1269.60,14.44
1575,1259,1270,1264,1260,1250,1260.60,6.56
1576,1255,1263,1250,1281,1264,1262.60,10.55
1577,1354,1272,1266,1257,1269,1283.60,35.55
1578,1271,1251,1274,1254,1360,1282.00,40.03
1579,1668,1446,1464,1663,1475,1543.20,100.29
1580,1375,1398,1360,1393,1499,1405.00,48.89
1581,1348,1521,1427,1353,1865,1502.80,191.66
1582,1643,1758,1349,1385,1338,1494.60,172.70
1583,1454,1464,1451,1443,1499,1462.20,19.58
1584,1367,1308,1307,1303,1287,1314.40,27.36
1585,1376,1327,1339,1303,1272,1323.40,34.87
1586,1291,1310,1282,1321,1328,1306.40,17.46
1587,1322,1319,1292,1390,1552,1375.00,94.22
1588,1475,1407,1415,1376,1356,1405.80,40.60
1589,1310,1355,1324,1294,1402,1337.00,38.19
1590,1341,1308,1394,1343,1371,1351.40,29.19
1591,1396,1544,1627,1556,1342,1493.00,106.52
1592,1359,1329,1344,1334,1421,1357.40,33.41
1593,1385,1371,1284,1276,2537,1570.60,485.21
1594,1337,1318,2102,1358,1344,1491.80,305.37
1595,3271,1396,1399,1344,1367,1755.40,758.06
1596,1437,1472,1483,1549,1519,1492.00,38.68
1597,1622,1530,3816,1549,1547,2012.80,902.15
1598,1397,2980,3134,1950,1557,2203.60,721.31
1599,1786,1640,1533,1567,1552,1615.60,92.58
1600,-1,-1,-1,-1,-1,-1,-1
1601,3254,3174,4550,2959,3482,3483.80,558.74
1602,1460,1398,1569,1691,1586,1540.80,102.29
1603,1630,1559,1392,1446,1346,1474.60,105.31
1604,1338,1404,1357,1348,1447,1378.80,40.92
1605,1349,1350,1522,1372,1406,1399.80,64.50
1606,1520,1530,1549,1461,1392,1490.40,57.31
1607,2997,2828,2852,2825,2841,2868.60,64.92
1608,1310,1333,1299,1321,1302,1313.00,12.56
1609,2841,3124,2886,3048,2921,2964.00,105.56
1610,1314,1336,1309,1311,1311,1316.20,10.02
1611,1306,1311,1332,1321,1305,1315.00,10.21
1612,1276,1363,1305,1301,1482,1345.40,74.01
1613,3038,2829,2881,2880,2881,2901.80,70.97
1614,1415,1384,1405,1314,1308,1365.20,45.41
1615,1296,1308,1368,1360,1416,1349.60,43.49
1616,1387,1316,1348,1515,1419,1397.00,68.51
1617,1534,1653,1482,1425,1417,1502.20,86.46
1618,1348,1340,1428,1365,1335,1363.20,33.96
1619,2957,2898,2864,2949,2921,2917.80,34.07
1620,1357,1393,1426,1445,1425,1409.20,30.98
1621,2922,2878,2957,3030,2918,2941.00,51.06
1622,1413,1338,1332,1443,1352,1375.60,44.30
1623,1357,1444,1494,1526,1478,1459.80,57.79
1624,1352,1369,1424,1353,1455,1390.60,41.55
1625,1516,1555,1355,1615,1378,1483.80,101.09
1626,1384,1400,1341,1326,1403,1370.80,31.49
1627,2895,2900,2976,2900,3028,2939.80,53.41
1628,1353,1338,1411,1445,1524,1414.20,67.18
1629,1405,1356,1332,1413,1346,1370.40,32.52
1630,1412,1436,1349,1338,1403,1387.60,37.74
1631,1340,1337,1420,1410,1453,1392.00,45.95
1632,1425,1359,1342,1414,1564,1420.80,78.22
1633,1341,1435,1346,1330,1456,1381.60,52.84
1634,1341,1353,1408,1346,1463,1382.20,47.02
1635,1458,1367,1392,1413,1357,1397.40,36.05
1636,1392,1397,1345,1347,1435,1383.20,33.82
1637,2893,2888,2986,2899,2883,2909.80,38.46
1638,1408,1332,1337,1448,1377,1380.40,43.74
1639,1440,1443,1346,1336,1431,1399.20,47.78
1640,1437,1363,1416,1332,1325,1374.60,44.75
1641,1445,1342,1334,1332,1390,1368.60,43.67
1642,1357,1352,1435,1368,1327,1367.80,36.18
1643,1340,1482,1484,1350,1369,1405.00,64.36
1644,1371,1387,1383,1362,1334,1367.40,18.89
1645,1364,1382,1369,1373,1412,1380.00,17.05
1646,1501,1346,1336,1340,1321,1368.80,66.61
1647,1360,1354,1341,1350,1341,1349.20,7.41
1648,1336,1343,1362,1357,1455,1370.60,43.22
1649,1444,1443,1334,1410,1359,1398.00,44.50
1650,1342,1351,1354,1456,1450,1390.60,51.13
1651,1353,1354,1414,1357,1351,1365.80,24.17
1652,1363,1385,1373,1363,1424,1381.60,22.69
1653,1443,1377,1434,1458,1464,1435.20,30.97
1654,1365,1339,1352,1437,1442,1387.00,43.67
1655,1340,1333,1345,1370,1443,1366.20,40.37
1656,1406,1439,1444,1361,1343,1398.60,40.62
1657,2912,2908,2900,2897,3031,2929.60,50.98
1658,1369,1435,1352,1351,1359,1373.20,31.56
1659,1378,1361,1370,1555,1354,1403.60,76.13
1660,1347,1342,1336,1357,1404,1357.20,24.39
1661,1512,1512,1365,1350,1344,1416.60,78.19
1662,1348,1338,1355,1333,1343,1343.40,7.65
1663,2924,2940,2975,2931,2922,2938.40,19.35
1664,1335,1331,1344,1372,1357,1347.80,15.03
1665,1373,1432,1386,1365,1344,1380.00,29.35
1666,1343,1345,1362,1353,1385,1357.60,15.25
1667,3102,2963,3190,3250,3065,3114.00,99.61
1668,1552,1465,1412,1383,1346,1431.60,71.67
1669,6908,3218,3154,3283,3433,3999.20,1457.34
1670,1433,1489,1505,1545,1536,1501.60,39.85
1671,1498,1380,1483,1360,1367,1417.60,60.05
1672,1387,1360,1373,1433,1388,1388.20,24.63
1673,1356,1386,1395,1347,1395,1375.80,20.31
1674,1349,1346,1361,1425,1453,1386.80,43.81
1675,1440,2186,4825,1601,1388,2288.00,1299.83
1676,1491,1434,1518,1409,1344,1439.20,61.47
1677,1393,1406,1358,7733,1616,2701.20,2517.53
1678,1494,1882,1830,1534,1508,1649.60,169.81
1679,1480,1599,1624,1448,1458,1521.80,74.38
1680,1446,1541,1353,1379,1372,1418.20,68.95
1681,1309,1440,1383,1387,1331,1370.00,46.04
1682,1422,1360,1365,1356,1378,1376.20,24.06
1683,1440,1496,1425,2490,1388,1647.80,422.53
1684,1328,1384,1367,1338,1452,1373.80,43.91
1685,1327,1317,1320,1340,1322,1325.20,8.08
1686,1471,1618,1461,1346,1332,1445.60,103.37
1687,1330,1489,1317,1358,1336,1366.00,62.91
1688,1373,1318,1396,1387,1307,1356.20,36.59
1689,1325,1337,1307,1308,1303,1316.00,12.93
1690,1302,1371,1504,1528,1345,1410.00,89.63
1691,1311,1330,1305,1313,1354,1322.60,17.76
1692,1323,1307,1397,1519,1299,1369.00,82.63
1693,2852,2859,2861,2833,2861,2853.20,10.62
1694,1298,1313,1309,1353,1402,1335.00,38.31
1695,1313,1387,1498,1343,1292,1366.60,73.04
1696,1316,1304,1309,1305,1316,1310.00,5.17
1697,2874,2997,2867,2875,2876,2897.80,49.70
1698,1300,1288,1295,1315,1310,1301.60,9.81
1699,2900,2829,2861,2865,2836,2858.20,25.08
1700,1295,1309,1312,1354,1303,1314.60,20.53
1701,1303,1364,1301,1318,1348,1326.80,25.07
1702,1444,1354,1333,1302,1284,1343.40,55.82
1703,1294,1317,1306,1368,1403,1337.60,41.29
1704,1293,1304,1306,1311,1319,1306.60,8.54
1705,1307,1357,1330,1324,1286,1320.80,23.69
1706,1310,1317,1304,1316,1428,1335.00,46.73
1707,1473,1352,1301,1312,1316,1350.80,63.45
1708,1314,1309,1318,1319,1302,1312.40,6.28
1709,3093,2878,2872,2868,2897,2921.60,86.27
1710,1316,1304,1317,1299,1369,1321.00,24.97
1711,1477,1446,1380,1325,1323,1390.20,62.48
1712,1305,1316,1302,1307,1308,1307.60,4.67
1713,1295,1359,1431,1416,1351,1370.40,48.87
1714,1341,1308,1301,1371,1318,1327.80,25.48
1715,1371,1347,1375,1350,1345,1357.60,12.73
1716,1305,1343,1414,1425,1402,1377.80,46.11
1717,1342,1499,1327,1330,1331,1365.80,66.79
1718,1324,1350,1371,1366,1327,1347.60,19.35
1719,1319,1341,1372,1439,1338,1361.80,42.17
1720,1307,1328,1353,1345,1350,1336.60,17.14
1721,3145,2939,2947,3059,3004,3018.80,76.53
1722,1374,1447,1370,1357,1376,1384.80,31.79
1723,3103,2948,2925,2908,2915,2959.80,72.86
1724,1342,1374,1369,1366,1409,1372.00,21.53
1725,1413,1505,1513,1373,1366,1434.00,63.35
1726,1371,1355,1385,1378,1405,1378.80,16.44
1727,1375,1416,1468,1461,1506,1445.20,45.26
1728,1381,1365,1360,1393,1373,1374.40,11.72
1729,1373,1370,1373,1380,1547,1408.60,69.27
1730,1517,1450,1361,1375,1382,1417.00,58.67
1731,1400,1365,1371,1363,1382,1376.20,13.61
1732,1344,1365,1374,1392,1367,1368.40,15.47
1733,3076,2978,3045,3076,2958,3026.60,49.57
1734,1359,1372,1357,1360,1365,1362.60,5.38
1735,1357,1438,1345,1375,1362,1375.40,32.74
1736,1456,1530,1532,1370,1362,1450.00,73.89
1737,1617,1409,1362,1431,1369,1437.60,93.23
1738,1366,1361,1376,1377,1384,1372.80,8.23
1739,1363,1363,1392,1359,1415,1378.40,21.79
1740,1584,1627,1381,1396,1448,1487.20,100.04
1741,3258,3015,2964,2984,2963,3036.80,112.19
1742,1423,1393,1373,1485,1498,1434.40,49.43
1743,1504,1462,1379,1458,1385,1437.60,48.21
1744,1375,1453,1374,1370,1353,1385.00,34.91
1745,1372,1377,1412,1365,1358,1376.80,18.73
1746,1369,1371,1396,1406,1445,1397.40,27.73
1747,3044,3010,2957,2949,2973,2986.60,35.54
1748,1351,1363,1362,1358,1369,1360.60,5.95
1749,1374,1367,1379,1393,1549,1412.40,68.82
1750,1478,1482,1406,1368,1402,1427.20,45.10
1751,1373,1369,1401,1381,1404,1385.60,14.36
1752,1381,1397,1383,1370,1367,1379.60,10.65
1753,2954,2927,2931,2939,2959,2942.00,12.55
1754,1390,1433,1355,1374,1396,1389.60,25.94
1755,1364,1359,1483,1392,1393,1398.20,44.63
1756,1391,1380,1366,1353,1374,1372.80,12.82
1757,1394,2004,1481,1456,1474,1561.80,223.21
1758,1640,1386,1497,1562,1381,1493.20,100.37
1759,2956,2964,2961,3011,3016,2981.60,26.21
1760,1394,1365,1373,1623,1373,1425.60,99.16
1761,1452,1526,1524,1514,1469,1497.00,30.55
1762,1388,1387,1375,1369,1380,1379.80,7.19
1763,1501,1553,1387,1370,1409,1444.00,70.82
1764,1380,1380,1394,1363,1373,1378.00,10.13
1765,1391,1447,1426,1419,1380,1412.60,24.22
1766,1414,1371,1386,1369,1461,1400.20,34.39
1767,1396,1443,1492,1433,1411,1435.00,32.90
1768,1364,1368,1380,1375,1416,1380.60,18.54
1769,1381,1389,1385,1378,1367,1380.00,7.48
1770,1387,1448,1391,1365,1380,1394.20,28.32
1771,1378,1387,1379,1373,1386,1380.60,5.23
1772,1366,1445,1546,1382,1378,1423.40,67.18
1773,1374,1371,1367,1366,1381,1371.80,5.41
1774,1387,1378,1418,1433,1428,1408.80,22.19
1775,1368,1382,1378,1385,1376,1377.80,5.81
1776,1412,1373,1377,1391,1375,1385.60,14.63
1777,2973,3012,2960,2966,2962,2974.60,19.22
1778,1432,1377,1395,1375,1389,1393.60,20.58
1779,1425,1494,1475,1374,1374,1428.40,49.81
1780,1377,1387,1374,1382,1370,1378.00,5.96
1781,1385,1371,1416,1380,1395,1389.40,15.39
1782,1381,1460,1395,1384,1393,1402.60,29.17
1783,2979,2997,3045,3060,2964,3009.00,37.32
1784,1371,1381,1382,1380,1412,1385.20,13.96
1785,1385,1449,1381,1366,1391,1394.40,28.52
1786,1474,1437,1551,1373,1388,1444.60,64.14
1787,2996,2989,3012,2996,2947,2988.00,21.84
1788,1371,1410,1433,1430,1379,1404.60,25.55
1789,2997,2969,2986,2998,2938,2977.60,22.38
1790,1379,1370,1385,1379,1366,1375.80,6.85
1791,1375,1396,1380,1399,1567,1423.40,72.37
1792,1375,1372,1374,1379,1376,1375.20,2.31
1793,1382,1392,1399,1492,1388,1410.60,41.07
1794,1438,1473,1503,1402,1396,1442.40,41.01
1795,1398,1404,1405,1396,1416,1403.80,6.99
1796,1417,1388,1415,1573,1578,1474.20,83.35
1797,1666,1430,1429,1474,1363,1472.40,103.08
1798,1359,1348,1337,1339,1494,1375.40,59.80
1799,1338,1407,1388,1336,1382,1370.20,28.34
1800,1341,1346,1357,1368,1344,1351.20,9.98
1801,2910,2880,2919,2900,2898,2901.40,13.07
1802,1356,1334,1334,1331,1322,1335.40,11.20
1803,1333,1404,1332,1352,1332,1350.60,27.76
1804,1344,1362,1384,1456,1368,1382.80,38.77
1805,1353,1361,1348,1348,1445,1371.00,37.30
1806,1381,1339,1350,1339,1351,1352.00,15.38
1807,1329,1342,1386,1354,1371,1356.40,20.26
1808,1405,1340,1326,1376,1385,1366.40,29.17
1809,1354,1342,1351,1324,1343,1342.80,10.45
1810,1341,1350,1345,1335,1344,1343.00,4.93
1811,2925,2873,2927,2875,2895,2899.00,23.35
1812,1334,1343,1349,1355,1379,1352.00,15.17
1813,1595,1359,1343,1346,1361,1400.80,97.35
1814,1327,1357,1428,1367,1338,1363.40,35.20
1815,1373,1331,1350,1363,1327,1348.80,17.78
1816,1335,1351,1336,1352,1371,1349.00,13.13
1817,1437,1562,1374,1343,1449,1433.00,75.49
1818,1525,1410,1430,1496,1367,1445.60,57.50
1819,1522,1456,1454,1377,1438,1449.40,46.27
1820,1350,1355,1347,1480,1531,1412.60,77.59
1821,1347,1351,1344,1343,1333,1343.60,5.98
1822,1336,1370,1361,1333,1345,1349.00,14.32
1823,2942,3052,2952,2972,2934,2970.40,42.73
1824,1343,1349,1339,1364,1354,1349.80,8.74
1825,1347,1446,1346,1335,1349,1364.60,40.99
1826,1333,1341,1447,1449,1458,1405.60,56.19
1827,1578,1337,1351,1359,1346,1394.20,92.17
1828,1382,1550,1399,1403,1517,1450.20,69.17
1829,1404,1422,1483,1408,1403,1424.00,30.27
1830,1393,1406,1408,1419,1400,1405.20,8.65
1831,2961,2949,2984,2973,3002,2973.80,18.32
1832,1394,1402,1412,1382,1403,1398.60,10.07
1833,1395,1398,1403,1432,1486,1422.80,34.23
1834,1532,1431,1395,1481,1391,1446.00,53.79
1835,1411,1461,1418,1395,1411,1419.20,22.22
1836,1426,1408,1415,1543,1503,1459.00,54.07
1837,1432,1447,1827,1467,1527,1540.00,147.09
1838,1402,1427,1638,1432,1435,1466.80,86.38
1839,1438,1459,1450,1436,1851,1526.80,162.31
1840,1693,1629,1538,1505,1458,1564.60,85.15
1841,1422,1493,1601,1742,1584,1568.40,108.22
1842,1477,1405,1430,1435,1515,1452.40,38.92
1843,1690,1498,1898,1747,1615,1689.60,133.41
1844,1585,1530,1623,1616,1588,1588.40,32.80
1845,1684,1738,1684,1600,1631,1667.40,47.75
1846,1486,1628,1525,1559,1589,1557.40,49.26
1847,3593,3010,2961,2943,2992,3099.80,247.70
1848,1369,1388,1357,1468,1486,1413.60,53.00
1849,1551,1373,1434,1394,1407,1431.80,62.79
1850,1413,1385,1439,1378,1368,1396.60,25.94
1851,1373,1371,1367,1365,1362,1367.60,3.97
1852,1411,1466,1472,1431,1360,1428.00,40.74
1853,1372,1472,1382,1380,1405,1402.20,36.58
1854,1383,1359,1388,1374,1394,1379.60,12.20
1855,1357,1363,1351,1360,1367,1359.60,5.42
1856,1368,1418,1455,1440,1382,1412.60,33.17
1857,1416,1360,1372,1356,1386,1378.00,21.68
1858,1367,1427,1428,1424,1355,1400.20,32.25
1859,1356,1358,1360,1378,1365,1363.40,7.88
1860,1364,1361,1481,1404,1375,1397.00,44.66
1861,3064,2980,2952,2950,3021,2993.40,43.64
1862,1392,1395,1354,1352,1368,1372.20,18.26
1863,1450,1376,1398,1436,1358,1403.60,34.85
1864,1359,1397,1372,1369,1359,1371.20,13.91
1865,1411,1481,1401,1378,1370,1408.20,39.32
1866,1360,1375,1385,1361,1363,1368.80,9.72
1867,2936,2938,2951,2945,2934,2940.80,6.30
1868,1363,1344,1366,1367,1364,1360.80,8.51
1869,1455,1477,1358,1399,1523,1442.40,58.06
1870,1369,1377,1410,1361,1365,1376.40,17.61
1871,2923,2936,2944,2931,2929,2932.60,7.05
1872,1360,1366,1363,1439,1358,1377.20,31.01
1873,2937,2982,2982,3001,2898,2960.00,37.47
1874,1363,1368,1355,1363,1412,1372.20,20.33
1875,1363,1349,1382,1347,1364,1361.00,12.60
1876,1373,1427,1411,1404,1353,1393.60,26.82
1877,2978,2917,2941,2922,2944,2940.40,21.50
1878,1370,1383,1390,1375,1343,1372.20,16.11
1879,2946,2928,2929,2932,2918,2930.60,9.02
1880,1360,1379,1363,1355,1395,1370.40,14.69
1881,1393,1382,1372,1406,1358,1382.20,16.56
1882,1371,1365,1368,1358,1369,1366.20,4.53
1883,1387,1374,1380,1366,1383,1378.00,7.34
1884,1364,1359,1360,1389,1382,1370.80,12.31
1885,1389,1356,1375,1368,1473,1392.20,41.78
1886,1394,1384,1368,1375,1362,1376.60,11.37
1887,1357,1359,1363,1362,1368,1361.80,3.76
1888,1370,1392,1370,1462,1382,1395.20,34.40
1889,2925,3054,2919,2975,2936,2961.80,50.05
1890,1355,1367,1377,1373,1358,1366.00,8.43
1891,1399,1378,1366,1389,1368,1380.00,12.53
1892,1352,1385,1402,1374,1396,1381.80,17.71
1893,1373,1366,1351,1375,1380,1369.00,10.05
1894,1440,1525,1415,1372,1364,1423.20,58.03
1895,1367,1380,1361,1387,1379,1374.80,9.43
1896,1378,1374,1429,1410,1397,1397.60,20.40
1897,1372,1397,1441,1376,1376,1392.40,25.83
1898,1383,1364,1413,1387,1384,1386.20,15.66
1899,1380,1369,1361,1381,1403,1378.80,14.17
1900,1373,1367,1361,1433,1370,1380.80,26.40
1901,2970,2939,2952,2919,2961,2948.20,17.83
1902,1375,1378,1522,1507,1694,1495.20,117.10
1903,1615,1432,1506,1546,1531,1526.00,59.29
1904,1514,1535,1415,1423,1480,1473.40,47.82
1905,1384,1380,1552,1384,1382,1416.40,67.81
1906,1384,1397,1399,1381,1404,1393.00,8.92
1907,2980,3016,2967,2979,2950,2978.40,21.69
1908,1391,1392,1376,1404,1398,1392.20,9.34
1909,1450,1468,1436,1410,1414,1435.60,21.81
1910,1386,1388,1391,1439,1399,1400.60,19.70
1911,1405,1366,1395,1406,1404,1395.20,15.11
1912,1393,1400,1374,1376,1384,1385.40,9.91
1913,2985,3049,3085,3094,3043,3051.20,38.54
1914,1402,1385,1392,1374,1379,1386.40,9.85
1915,1388,1390,1394,1403,1399,1394.80,5.56
1916,1386,1480,1441,1398,1419,1424.80,33.36
1917,1433,1447,1418,1389,1457,1428.80,23.85
1918,1384,1378,1388,1385,1392,1385.40,4.63
1919,1383,1389,1383,1556,1386,1419.40,68.33
1920,1401,1428,1388,1389,1464,1414.00,28.86
1921,1450,1432,1393,1376,1382,1406.60,29.17
1922,1499,1375,1385,1387,1378,1404.80,47.30
1923,1374,1381,1399,1396,1473,1404.60,35.43
1924,1416,1390,1387,1411,1439,1408.60,18.95
1925,1428,1459,1392,1390,1401,1414.00,26.26
1926,1416,1382,1383,1465,1516,1432.40,51.57
1927,1428,1407,1437,1472,1424,1433.60,21.52
1928,1398,1380,1396,1396,1395,1393.00,6.57
1929,1427,1404,1393,1476,1413,1422.60,28.93
1930,1439,1404,1423,1386,1394,1409.20,19.36
